Run ID,Event ID,QP Creation Time [ns],Patch Copy Number,Patch IX,Patch IY,Patch Center X [um],Patch Center Y [um],QPs Created
0,2994,3008.6,839,2,1,400,200,2
0,2998,29248.3,839,2,1,400,200,2
0,3000,25157.6,1502,19,1,3800,200,4
0,3000,9415.39,1502,19,1,3800,200,2
0,3004,26438.8,1502,19,1,3800,200,2
0,3009,757.251,839,2,1,400,200,10
0,3033,346.505,839,2,1,400,200,8
0,3039,70627.9,839,2,1,400,200,2
0,3044,24289.4,1502,19,1,3800,200,2
0,3046,6894.35,1502,19,1,3800,200,2
0,3047,87320.1,1502,19,1,3800,200,2
0,3049,17010.6,1502,19,1,3800,200,2
0,3051,46958.6,1502,19,1,3800,200,2
0,3058,114246,1502,19,1,3800,200,4
0,3060,877.705,839,2,1,400,200,6
0,3061,71719.3,839,2,1,400,200,2
0,3067,1978.77,839,2,1,400,200,2
0,3068,12900,839,2,1,400,200,4
0,3071,16044.3,839,2,1,400,200,2
0,3073,1420.07,839,2,1,400,200,2
0,3076,12142,1502,19,1,3800,200,4
0,3094,173647,1502,19,1,3800,200,4
0,3096,17338,1502,19,1,3800,200,2
0,3102,8759.21,839,2,1,400,200,4
0,3104,81039.7,839,2,1,400,200,2
0,3109,526.118,839,2,1,400,200,8
0,3125,8000.57,1502,19,1,3800,200,2
0,3129,139604,1502,19,1,3800,200,2
0,3141,107065,839,2,1,400,200,2
0,3147,3615.38,839,2,1,400,200,2
0,4650,19547.5,839,2,1,400,200,2
0,4651,48829.1,839,2,1,400,200,2
0,4688,54711.8,1502,19,1,3800,200,2
0,4689,15334.3,1502,19,1,3800,200,2
0,4696,33628.9,1502,19,1,3800,200,2
0,4701,49299.8,839,2,1,400,200,2
0,4703,17511.9,1502,19,1,3800,200,2
0,4714,58415.5,839,2,1,400,200,4
0,4715,50113.4,1502,19,1,3800,200,4
0,4729,370.714,839,2,1,400,200,2
0,4755,29759.1,839,2,1,400,200,2
0,4760,18105.7,839,2,1,400,200,4
0,4761,190036,839,2,1,400,200,2
0,4761,18536.1,839,2,1,400,200,2
0,4771,4010.71,1502,19,1,3800,200,2
0,4775,42148.5,839,2,1,400,200,4
0,4781,49081.6,839,2,1,400,200,4
0,4789,49381.1,1502,19,1,3800,200,2
0,4790,37646.8,839,2,1,400,200,2
0,4791,8777.83,1502,19,1,3800,200,2
0,4794,1195.45,839,2,1,400,200,2
0,4795,63101,1502,19,1,3800,200,6
0,4798,108347,1502,19,1,3800,200,2
0,4802,16449.5,839,2,1,400,200,2
0,4802,6300.26,1502,19,1,3800,200,4
0,9145,12019.1,839,2,1,400,200,4
0,9151,33276.7,1502,19,1,3800,200,2
0,9171,112.402,839,2,1,400,200,4
0,9178,67056.2,1502,19,1,3800,200,2
0,9180,27953.5,839,2,1,400,200,2
0,9184,154305,1502,19,1,3800,200,6
0,9192,427.128,839,2,1,400,200,2
0,9192,4879.98,1502,19,1,3800,200,2
0,9200,62645.7,1502,19,1,3800,200,2
0,9211,216.792,839,2,1,400,200,2
0,9214,35113.9,839,2,1,400,200,2
0,9215,24159.3,1502,19,1,3800,200,6
0,9221,3269.69,1502,19,1,3800,200,4
0,9222,40706.2,1502,19,1,3800,200,2
0,9226,9501.23,839,2,1,400,200,2
0,9235,2677.44,839,2,1,400,200,2
0,9239,125928,839,2,1,400,200,2
0,9239,6236.24,1502,19,1,3800,200,2
0,9243,135966,839,2,1,400,200,2
0,9245,48795.8,839,2,1,400,200,2
0,9248,10840.1,1502,19,1,3800,200,2
0,9265,3594.92,1502,19,1,3800,200,4
0,9270,58179.5,839,2,1,400,200,2
0,9275,177131,1502,19,1,3800,200,2
0,9278,45654.1,1502,19,1,3800,200,2
0,9295,17473.1,839,2,1,400,200,2
0,12126,6337.78,1502,19,1,3800,200,2
0,12126,49248.4,839,2,1,400,200,6
0,12148,26269.5,1502,19,1,3800,200,2
0,12150,17533.8,839,2,1,400,200,2
0,12150,289.248,839,2,1,400,200,4
0,12157,1354.48,839,2,1,400,200,4
0,12163,103117,1502,19,1,3800,200,2
0,12164,57415.5,1502,19,1,3800,200,2
0,12167,2134.47,839,2,1,400,200,2
0,12174,39202.7,839,2,1,400,200,2
0,12179,1527.9,839,2,1,400,200,2
0,12180,43019.1,839,2,1,400,200,2
0,12184,8982.61,839,2,1,400,200,2
0,12188,17117.5,839,2,1,400,200,2
0,12194,21098.9,839,2,1,400,200,2
0,12212,22966.9,1502,19,1,3800,200,6
0,12226,29418.5,1502,19,1,3800,200,4
0,12228,937.359,839,2,1,400,200,4
0,12249,31000.9,839,2,1,400,200,2
0,12249,317.722,839,2,1,400,200,4
0,12257,39865.2,1502,19,1,3800,200,4
0,12258,506.793,839,2,1,400,200,6
0,12265,105138,839,2,1,400,200,4
0,12274,10023.4,1502,19,1,3800,200,2
0,12280,42930.6,1502,19,1,3800,200,2
0,15107,72895.3,1502,19,1,3800,200,4
0,15114,112.258,839,2,1,400,200,8
0,15116,8220.51,1502,19,1,3800,200,2
0,15118,9128.19,839,2,1,400,200,4
0,15147,3387.8,1502,19,1,3800,200,2
0,15150,119588,839,2,1,400,200,2
0,15154,30420.2,1502,19,1,3800,200,2
0,15159,30869.3,839,2,1,400,200,6
0,15163,12073.2,1502,19,1,3800,200,2
0,15166,30788.6,839,2,1,400,200,2
0,15174,65711.3,1502,19,1,3800,200,6
0,15178,15889.3,1502,19,1,3800,200,4
0,15179,4679.32,1502,19,1,3800,200,4
0,15192,88723.7,1502,19,1,3800,200,2
0,15199,46319.6,1502,19,1,3800,200,2
0,15204,73843.5,1502,19,1,3800,200,2
0,15204,100849,839,2,1,400,200,2
0,15205,50734.6,839,2,1,400,200,2
0,15227,16580.2,1502,19,1,3800,200,2
0,15227,2313.89,839,2,1,400,200,2
0,15232,695.77,839,2,1,400,200,8
0,15237,158863,839,2,1,400,200,2
0,15237,19807.1,839,2,1,400,200,2
0,15238,51587.8,1502,19,1,3800,200,4
0,15243,5686.56,1502,19,1,3800,200,4
0,15252,273.912,839,2,1,400,200,2
0,15264,56826.9,839,2,1,400,200,2
0,19265,64611.5,1502,19,1,3800,200,2
0,19270,172781,839,2,1,400,200,4
0,19273,27276.5,1502,19,1,3800,200,4
0,19292,10363.1,1502,19,1,3800,200,4
0,19295,23698.4,1502,19,1,3800,200,2
0,19311,26748.4,1502,19,1,3800,200,4
0,19312,310.535,839,2,1,400,200,2
0,19329,42034.3,1502,19,1,3800,200,6
0,19349,18833.2,1502,19,1,3800,200,2
0,19354,1762.53,839,2,1,400,200,2
0,19354,3544.98,1502,19,1,3800,200,4
0,19364,157209,1502,19,1,3800,200,2
0,19375,11701.2,839,2,1,400,200,2
0,19405,2304.34,839,2,1,400,200,18
0,19420,86231.2,1502,19,1,3800,200,2
0,22755,16292.7,1502,19,1,3800,200,2
0,22758,23848.7,839,2,1,400,200,4
0,22772,97256.6,1502,19,1,3800,200,2
0,22780,29981.2,839,2,1,400,200,4
0,22792,91.3163,839,2,1,400,200,10
0,22798,463.569,839,2,1,400,200,4
0,22801,1814.07,839,2,1,400,200,2
0,22818,67505.6,839,2,1,400,200,2
0,22837,8802.95,1502,19,1,3800,200,2
0,22841,43818.7,839,2,1,400,200,2
0,22849,169415,839,2,1,400,200,2
0,22863,1096.53,839,2,1,400,200,6
0,22868,42459.1,839,2,1,400,200,4
0,22873,57507.4,839,2,1,400,200,2
0,22877,82850.6,839,2,1,400,200,2
0,22879,9529.13,1502,19,1,3800,200,4
0,22887,93983.5,839,2,1,400,200,2
0,22887,809.809,839,2,1,400,200,4
0,22889,45743.9,1502,19,1,3800,200,2
0,22890,48154.6,1502,19,1,3800,200,2
0,22898,45587.6,1502,19,1,3800,200,2
0,22907,11908.4,839,2,1,400,200,2
0,26062,28703,839,2,1,400,200,4
0,26064,2720.02,839,2,1,400,200,2
0,26073,80732.8,839,2,1,400,200,4
0,26088,66745.4,1502,19,1,3800,200,2
0,26106,74555.1,839,2,1,400,200,2
0,26137,18695.6,1502,19,1,3800,200,2
0,26140,14844.2,839,2,1,400,200,2
0,26144,57075.9,1502,19,1,3800,200,2
0,26160,184880,1502,19,1,3800,200,2
0,26166,92792.2,1502,19,1,3800,200,2
0,26172,25333.1,1502,19,1,3800,200,2
0,26182,162.096,839,2,1,400,200,10
0,26205,820.021,839,2,1,400,200,4
0,26213,76818.8,1502,19,1,3800,200,6
0,26213,39489.6,1502,19,1,3800,200,4
0,26215,57012,1502,19,1,3800,200,2
0,26225,28749.1,839,2,1,400,200,2
0,26226,22807.5,839,2,1,400,200,4
0,1336,48425.7,839,2,1,400,200,4
0,1337,9371.8,839,2,1,400,200,2
0,1346,40634.8,1502,19,1,3800,200,2
0,1346,5419.22,1502,19,1,3800,200,2
0,1350,74618.2,1502,19,1,3800,200,2
0,1350,35417.1,1502,19,1,3800,200,4
0,1357,92.7604,839,2,1,400,200,12
0,1360,34779.2,839,2,1,400,200,2
0,1376,11910.7,1502,19,1,3800,200,2
0,1383,1153.46,839,2,1,400,200,4
0,1387,17553.8,1502,19,1,3800,200,2
0,1387,73012.7,1502,19,1,3800,200,6
0,1393,37274.8,839,2,1,400,200,2
0,1412,67661.2,839,2,1,400,200,2
0,1423,866.3,839,2,1,400,200,4
0,1428,268.149,839,2,1,400,200,8
0,1430,14753.2,839,2,1,400,200,6
0,1434,22934.2,1502,19,1,3800,200,2
0,1454,49716.6,839,2,1,400,200,2
0,1458,80071.6,839,2,1,400,200,2
0,1472,71572.2,839,2,1,400,200,2
0,1473,16581.7,1502,19,1,3800,200,2
0,1476,68265.8,1502,19,1,3800,200,4
0,1486,31812.8,1502,19,1,3800,200,2
0,3820,34517.7,839,2,1,400,200,4
0,3828,38271.8,839,2,1,400,200,2
0,3833,7501.51,839,2,1,400,200,4
0,3862,52068.4,839,2,1,400,200,2
0,3863,63231,839,2,1,400,200,2
0,3869,33808.3,839,2,1,400,200,2
0,3875,72455.4,839,2,1,400,200,2
0,3884,11730.5,839,2,1,400,200,4
0,3903,99860.7,1502,19,1,3800,200,6
0,3906,9903.9,839,2,1,400,200,10
0,3911,89910.6,1502,19,1,3800,200,2
0,3925,20070.3,1502,19,1,3800,200,4
0,3930,57796.1,839,2,1,400,200,2
0,3937,1123.2,1502,19,1,3800,200,2
0,3946,64493,839,2,1,400,200,2
0,3973,49189.3,839,2,1,400,200,2
0,3978,28147.9,839,2,1,400,200,2
0,6809,915.306,839,2,1,400,200,2
0,6813,4697.77,1502,19,1,3800,200,6
0,6825,30092.2,839,2,1,400,200,2
0,6830,2256.64,1502,19,1,3800,200,2
0,6837,6951.44,1502,19,1,3800,200,6
0,6838,50746.6,1502,19,1,3800,200,2
0,6840,269.172,839,2,1,400,200,2
0,6843,138321,1502,19,1,3800,200,2
0,6848,99.2458,839,2,1,400,200,10
0,6857,627.982,839,2,1,400,200,10
0,6857,146.619,839,2,1,400,200,4
0,6904,49166.8,839,2,1,400,200,2
0,6909,83644.5,839,2,1,400,200,4
0,6909,101800,1502,19,1,3800,200,2
0,6914,70331.1,839,2,1,400,200,4
0,6915,29512.1,839,2,1,400,200,2
0,6921,8207.21,839,2,1,400,200,2
0,6921,310.466,839,2,1,400,200,2
0,6925,593.466,839,2,1,400,200,2
0,6937,10595.1,1502,19,1,3800,200,2
0,6937,83059.7,1502,19,1,3800,200,2
0,6939,20203.8,1502,19,1,3800,200,6
0,6942,69403.1,839,2,1,400,200,2
0,6949,29561.1,1502,19,1,3800,200,2
0,6951,65889.9,839,2,1,400,200,2
0,6959,67482.8,839,2,1,400,200,2
0,6961,17375.9,1502,19,1,3800,200,6
0,6962,35410.2,1502,19,1,3800,200,4
0,6968,2315.84,839,2,1,400,200,2
0,10128,37515.2,1502,19,1,3800,200,2
0,10136,8245.37,839,2,1,400,200,2
0,10146,178302,1502,19,1,3800,200,2
0,10167,97710.9,1502,19,1,3800,200,2
0,10172,2166.12,1502,19,1,3800,200,6
0,10177,4099.65,839,2,1,400,200,4
0,10186,16323.9,1502,19,1,3800,200,2
0,10186,3526.77,839,2,1,400,200,6
0,10202,26317.8,839,2,1,400,200,2
0,10204,868.628,839,2,1,400,200,4
0,10206,21786.5,839,2,1,400,200,4
0,10207,47328.6,839,2,1,400,200,2
0,10209,37811.8,1502,19,1,3800,200,2
0,10210,20702.3,1502,19,1,3800,200,2
0,10221,724.586,839,2,1,400,200,2
0,10228,142229,839,2,1,400,200,4
0,10228,105243,839,2,1,400,200,4
0,10233,69074.2,839,2,1,400,200,2
0,10252,4983.85,1502,19,1,3800,200,2
0,10255,8728.66,839,2,1,400,200,4
0,10256,23088.5,1502,19,1,3800,200,4
0,10281,24444.2,1502,19,1,3800,200,2
0,10290,21206.7,839,2,1,400,200,4
0,10291,1633.1,839,2,1,400,200,2
0,13452,1630.46,839,2,1,400,200,2
0,13456,5865.52,1502,19,1,3800,200,4
0,13478,85892.3,1502,19,1,3800,200,2
0,13508,14154.9,1502,19,1,3800,200,2
0,13542,20549.2,1502,19,1,3800,200,4
0,13545,9580.18,839,2,1,400,200,4
0,13576,148282,839,2,1,400,200,6
0,13577,94128.7,1502,19,1,3800,200,4
0,13580,10886.5,1502,19,1,3800,200,2
0,13585,52790.8,1502,19,1,3800,200,2
0,13600,41555.2,839,2,1,400,200,4
0,13605,7999.88,839,2,1,400,200,2
0,13611,195.205,839,2,1,400,200,10
0,16946,192270,1502,19,1,3800,200,2
0,16951,26592.5,839,2,1,400,200,2
0,16960,15274.3,1502,19,1,3800,200,2
0,16961,31667.9,839,2,1,400,200,2
0,16976,15102,1502,19,1,3800,200,4
0,16987,86298.3,1502,19,1,3800,200,2
0,16992,155416,1502,19,1,3800,200,2
0,16997,56675.5,839,2,1,400,200,4
0,17009,4274.72,1502,19,1,3800,200,2
0,17019,1447.42,839,2,1,400,200,2
0,17032,20597.5,1502,19,1,3800,200,2
0,17033,1619.1,1502,19,1,3800,200,2
0,17033,16180.7,839,2,1,400,200,2
0,17038,59561.1,839,2,1,400,200,2
0,17039,30486.4,839,2,1,400,200,2
0,17039,8956.4,839,2,1,400,200,2
0,17062,6994.98,839,2,1,400,200,4
0,17065,1836.87,839,2,1,400,200,2
0,17067,21463.3,839,2,1,400,200,4
0,17080,51768.5,1502,19,1,3800,200,2
0,17092,42984.1,1502,19,1,3800,200,2
0,17094,36032.6,839,2,1,400,200,2
0,20264,3762.19,839,2,1,400,200,2
0,20273,6276.39,839,2,1,400,200,2
0,20276,8539.07,839,2,1,400,200,4
0,20285,44189.7,839,2,1,400,200,4
0,20286,40245.3,1502,19,1,3800,200,2
0,20293,6305.42,839,2,1,400,200,2
0,20295,95391.4,839,2,1,400,200,2
0,20296,5076.07,839,2,1,400,200,4
0,20297,83587.5,1502,19,1,3800,200,4
0,20301,364.862,839,2,1,400,200,2
0,20307,8063.3,1502,19,1,3800,200,2
0,20322,145486,839,2,1,400,200,2
0,20325,45013.3,839,2,1,400,200,2
0,20329,433.632,839,2,1,400,200,2
0,20331,5662.02,839,2,1,400,200,2
0,20344,192608,839,2,1,400,200,2
0,20364,34045.7,839,2,1,400,200,2
0,20364,15040.3,839,2,1,400,200,4
0,20371,46859.7,839,2,1,400,200,2
0,20380,108750,1502,19,1,3800,200,2
0,20380,42055.2,839,2,1,400,200,2
0,20386,78507.7,1502,19,1,3800,200,4
0,20392,277468,839,2,1,400,200,4
0,20397,23932.3,839,2,1,400,200,6
0,20399,32703.3,839,2,1,400,200,2
0,20404,4080.87,839,2,1,400,200,2
0,20408,339.944,839,2,1,400,200,6
0,20413,114109,839,2,1,400,200,2
0,20415,312.034,839,2,1,400,200,4
0,20415,1484.49,839,2,1,400,200,2
0,23745,65621.3,839,2,1,400,200,4
0,23749,4674.84,1502,19,1,3800,200,2
0,23750,154088,839,2,1,400,200,2
0,23751,32871.8,839,2,1,400,200,2
0,23765,55713.8,839,2,1,400,200,2
0,23767,26580,1502,19,1,3800,200,2
0,23773,116984,1502,19,1,3800,200,2
0,23775,125086,839,2,1,400,200,2
0,23775,840.828,839,2,1,400,200,2
0,23781,57074.6,839,2,1,400,200,2
0,23786,50590.6,839,2,1,400,200,2
0,23786,23118.4,1502,19,1,3800,200,4
0,23788,89946.5,839,2,1,400,200,4
0,23790,21526,839,2,1,400,200,2
0,23791,9987.03,1502,19,1,3800,200,2
0,23816,57520.3,839,2,1,400,200,2
0,23827,20254.4,839,2,1,400,200,2
0,23828,13684.9,1502,19,1,3800,200,4
0,23844,337.976,839,2,1,400,200,2
0,23852,38048,1502,19,1,3800,200,4
0,23857,18102.6,1502,19,1,3800,200,2
0,23860,18519.5,839,2,1,400,200,2
0,23865,481.893,839,2,1,400,200,2
0,23869,27605.3,1502,19,1,3800,200,4
0,23874,27302.7,1502,19,1,3800,200,4
0,23883,41766.5,1502,19,1,3800,200,6
0,23888,869.917,839,2,1,400,200,2
0,23888,8346.52,1502,19,1,3800,200,2
0,23899,401.019,839,2,1,400,200,4
0,27247,76878.5,1502,19,1,3800,200,2
0,27251,10693.7,1502,19,1,3800,200,6
0,27262,1444.06,839,2,1,400,200,4
0,27275,51358,839,2,1,400,200,2
0,27276,99295.3,1502,19,1,3800,200,4
0,27280,63095.1,1502,19,1,3800,200,2
0,27281,32095.6,839,2,1,400,200,2
0,27283,98401.4,1502,19,1,3800,200,2
0,27285,39509.7,1502,19,1,3800,200,6
0,27298,43020.5,1502,19,1,3800,200,6
0,27308,34817.9,1502,19,1,3800,200,2
0,27321,879.534,839,2,1,400,200,2
0,27328,88706.7,1502,19,1,3800,200,4
0,27333,102714,839,2,1,400,200,2
0,27336,29630.5,839,2,1,400,200,4
0,27346,16542.5,1502,19,1,3800,200,8
0,27348,4821.29,839,2,1,400,200,6
0,27361,6917.94,839,2,1,400,200,2
0,27385,49660,1502,19,1,3800,200,4
0,27389,15940.9,1502,19,1,3800,200,4
0,831,15739.2,1502,19,1,3800,200,2
0,842,48113,839,2,1,400,200,2
0,842,12930.3,1502,19,1,3800,200,2
0,849,5660.92,839,2,1,400,200,2
0,856,19536.3,1502,19,1,3800,200,4
0,859,131096,839,2,1,400,200,2
0,864,99485.6,1502,19,1,3800,200,2
0,868,14399.5,839,2,1,400,200,2
0,868,28420.8,1502,19,1,3800,200,8
0,877,66360.9,1502,19,1,3800,200,2
0,880,103046,839,2,1,400,200,8
0,881,468.039,839,2,1,400,200,6
0,883,37960.2,839,2,1,400,200,2
0,886,47714.8,1502,19,1,3800,200,4
0,890,76689.3,839,2,1,400,200,2
0,898,29752.7,839,2,1,400,200,2
0,914,1680.11,839,2,1,400,200,6
0,923,155.054,839,2,1,400,200,8
0,928,6055.49,1502,19,1,3800,200,2
0,938,33413.2,1502,19,1,3800,200,4
0,945,2717.98,839,2,1,400,200,6
0,949,20283.6,839,2,1,400,200,2
0,954,37867.3,839,2,1,400,200,8
0,992,12387.4,839,2,1,400,200,4
0,3991,62683.2,1502,19,1,3800,200,2
0,3994,70959.9,1502,19,1,3800,200,2
0,3998,685.99,839,2,1,400,200,2
0,4003,167285,839,2,1,400,200,4
0,4006,1311.15,839,2,1,400,200,2
0,4028,6674.15,1502,19,1,3800,200,2
0,4036,35748.9,1502,19,1,3800,200,4
0,4040,1030.93,839,2,1,400,200,8
0,4062,87836.9,1502,19,1,3800,200,2
0,4067,146639,839,2,1,400,200,4
0,4083,565.95,839,2,1,400,200,4
0,4091,51202.8,1502,19,1,3800,200,4
0,4106,13368.9,1502,19,1,3800,200,4
0,4109,36530.7,1502,19,1,3800,200,2
0,4116,11519.2,1502,19,1,3800,200,4
0,4124,26686,839,2,1,400,200,4
0,4135,91736.4,1502,19,1,3800,200,2
0,4137,3668.8,839,2,1,400,200,6
0,4146,144063,1502,19,1,3800,200,2
0,7314,73831.8,839,2,1,400,200,2
0,7319,2706.15,839,2,1,400,200,2
0,7320,20561.1,1502,19,1,3800,200,2
0,7321,123595,1502,19,1,3800,200,6
0,7332,582.737,839,2,1,400,200,2
0,7348,15421.9,1502,19,1,3800,200,2
0,7351,890.98,839,2,1,400,200,4
0,7352,40941.1,1502,19,1,3800,200,6
0,7361,20026.1,1502,19,1,3800,200,2
0,7361,32684.5,839,2,1,400,200,6
0,7364,140321,839,2,1,400,200,2
0,7370,44197.4,1502,19,1,3800,200,2
0,7376,20710.5,839,2,1,400,200,2
0,7377,55557.4,1502,19,1,3800,200,6
0,7386,19238.8,1502,19,1,3800,200,2
0,7408,112127,839,2,1,400,200,2
0,7417,23133.5,1502,19,1,3800,200,2
0,7418,108206,1502,19,1,3800,200,2
0,7419,1680.67,1502,19,1,3800,200,2
0,7435,51064.5,1502,19,1,3800,200,6
0,7457,15537.2,1502,19,1,3800,200,4
0,7466,48338.9,1502,19,1,3800,200,4
0,10627,14876.3,839,2,1,400,200,2
0,10630,25525.8,1502,19,1,3800,200,2
0,10633,20526.1,1502,19,1,3800,200,4
0,10634,37254.7,839,2,1,400,200,2
0,10646,121468,839,2,1,400,200,2
0,10647,50761.1,839,2,1,400,200,2
0,10649,51205.6,1502,19,1,3800,200,2
0,10663,94373.5,1502,19,1,3800,200,2
0,10665,63260.8,1502,19,1,3800,200,2
0,10685,4723.61,839,2,1,400,200,2
0,10689,26372.5,1502,19,1,3800,200,2
0,10706,285.354,839,2,1,400,200,4
0,10710,43059.8,1502,19,1,3800,200,2
0,10725,14632.8,839,2,1,400,200,6
0,10726,26890.4,839,2,1,400,200,2
0,10734,49907.9,1502,19,1,3800,200,2
0,10738,45547.4,1502,19,1,3800,200,6
0,10740,2531.65,839,2,1,400,200,2
0,10772,575.519,839,2,1,400,200,2
0,10772,1265.86,839,2,1,400,200,6
0,10785,55972.6,1502,19,1,3800,200,2
0,14111,164011,839,2,1,400,200,2
0,14114,9174.03,839,2,1,400,200,2
0,14125,1206.8,839,2,1,400,200,2
0,14133,1990.89,839,2,1,400,200,6
0,14153,327.081,839,2,1,400,200,6
0,14156,1772.98,839,2,1,400,200,4
0,14156,78782.6,839,2,1,400,200,2
0,14159,12655.3,839,2,1,400,200,2
0,14161,11907,1502,19,1,3800,200,2
0,14168,23039.7,839,2,1,400,200,4
0,14179,34406.9,839,2,1,400,200,2
0,14183,40543.7,1502,19,1,3800,200,8
0,14188,105227,839,2,1,400,200,2
0,14189,30148.5,839,2,1,400,200,6
0,14199,19519.6,1502,19,1,3800,200,2
0,14208,71618,1502,19,1,3800,200,4
0,14217,59415.3,1502,19,1,3800,200,4
0,14226,42368.3,839,2,1,400,200,2
0,14245,119497,1502,19,1,3800,200,4
0,17273,141187,1502,19,1,3800,200,6
0,17278,69403.4,839,2,1,400,200,4
0,17282,810.105,839,2,1,400,200,2
0,17290,131868,1502,19,1,3800,200,2
0,17291,21155,1502,19,1,3800,200,2
0,17292,101632,839,2,1,400,200,2
0,17297,30057.4,1502,19,1,3800,200,2
0,17311,138805,1502,19,1,3800,200,2
0,17319,45074.7,839,2,1,400,200,2
0,17320,93162.7,1502,19,1,3800,200,2
0,17325,656.159,839,2,1,400,200,4
0,17327,14977.5,1502,19,1,3800,200,2
0,17331,167616,839,2,1,400,200,2
0,17332,173127,1502,19,1,3800,200,2
0,17340,3901.66,1502,19,1,3800,200,4
0,17349,53094.2,839,2,1,400,200,2
0,17354,9681.12,1502,19,1,3800,200,2
0,17359,47151.3,1502,19,1,3800,200,2
0,17369,45367.2,839,2,1,400,200,2
0,17372,985.83,839,2,1,400,200,6
0,17380,7062.13,1502,19,1,3800,200,2
0,17404,81550,1502,19,1,3800,200,2
0,17407,10830.3,839,2,1,400,200,4
0,17411,30623.5,1502,19,1,3800,200,4
0,17427,61700.6,839,2,1,400,200,4
0,20439,40093,1502,19,1,3800,200,2
0,20446,53475.7,1502,19,1,3800,200,2
0,20448,27649.7,839,2,1,400,200,2
0,20468,29112.3,839,2,1,400,200,2
0,20470,87093.5,1502,19,1,3800,200,2
0,20473,94421.3,1502,19,1,3800,200,2
0,20475,456.529,839,2,1,400,200,2
0,20477,35460.7,839,2,1,400,200,2
0,20490,90015.1,1502,19,1,3800,200,6
0,20504,557.26,839,2,1,400,200,2
0,20522,107930,839,2,1,400,200,2
0,20522,31200.3,839,2,1,400,200,2
0,20523,1674.62,839,2,1,400,200,4
0,20538,64121.7,839,2,1,400,200,6
0,20551,7857.54,1502,19,1,3800,200,2
0,20554,33287,839,2,1,400,200,4
0,20557,253.651,839,2,1,400,200,2
0,20559,96173.8,1502,19,1,3800,200,4
0,20564,8976.57,1502,19,1,3800,200,2
0,20567,43072.8,839,2,1,400,200,6
0,20568,4514.57,839,2,1,400,200,2
0,20570,39199,1502,19,1,3800,200,4
0,23407,21715.7,1502,19,1,3800,200,4
0,23412,31647.4,1502,19,1,3800,200,4
0,23414,5821.61,1502,19,1,3800,200,2
0,23424,11802.2,1502,19,1,3800,200,6
0,23424,79661.2,839,2,1,400,200,4
0,23429,4970.83,1502,19,1,3800,200,2
0,23434,3783.21,839,2,1,400,200,2
0,23461,381.448,839,2,1,400,200,4
0,23464,141962,1502,19,1,3800,200,2
0,23465,935.21,839,2,1,400,200,14
0,23469,127103,1502,19,1,3800,200,2
0,23477,1293.07,839,2,1,400,200,4
0,23482,23172.1,1502,19,1,3800,200,2
0,23496,47150.2,839,2,1,400,200,4
0,23500,9056.45,1502,19,1,3800,200,2
0,23511,10072.9,839,2,1,400,200,2
0,23514,75638.7,1502,19,1,3800,200,2
0,23520,98512.4,839,2,1,400,200,4
0,23545,96696.5,839,2,1,400,200,6
0,23546,173580,1502,19,1,3800,200,2
0,23562,27180.4,1502,19,1,3800,200,2
0,26892,62367.1,839,2,1,400,200,2
0,26894,40164.2,839,2,1,400,200,2
0,26895,22273.4,839,2,1,400,200,4
0,26896,36902.1,1502,19,1,3800,200,2
0,26901,105741,1502,19,1,3800,200,6
0,26904,99454.5,839,2,1,400,200,6
0,26933,69547.3,839,2,1,400,200,2
0,26947,172.699,839,2,1,400,200,2
0,26950,24402.9,839,2,1,400,200,2
0,26952,5469.74,1502,19,1,3800,200,2
0,26988,15709.8,1502,19,1,3800,200,6
0,27002,13828,1502,19,1,3800,200,4
0,27006,37535.2,1502,19,1,3800,200,2
0,27009,6861.06,1502,19,1,3800,200,2
0,27016,110394,839,2,1,400,200,4
0,27019,1589.75,839,2,1,400,200,2
0,27022,14273.4,1502,19,1,3800,200,2
0,27026,5582.52,1502,19,1,3800,200,2
0,27028,18022.7,1502,19,1,3800,200,2
0,27034,178793,839,2,1,400,200,2
0,27035,37355.3,839,2,1,400,200,2
0,27040,1382.22,839,2,1,400,200,2
0,27041,8140.9,1502,19,1,3800,200,2
0,27047,28357.9,1502,19,1,3800,200,4
0,27051,45510.2,1502,19,1,3800,200,2
0,332,529.748,839,2,1,400,200,2
0,340,57208.4,1502,19,1,3800,200,2
0,341,737.977,839,2,1,400,200,2
0,344,145332,839,2,1,400,200,2
0,352,3399,839,2,1,400,200,2
0,353,895.927,839,2,1,400,200,2
0,355,38718.6,839,2,1,400,200,2
0,359,31498.4,839,2,1,400,200,2
0,359,2780.94,839,2,1,400,200,2
0,370,4245.72,839,2,1,400,200,2
0,373,1138.02,839,2,1,400,200,6
0,381,39679.9,1502,19,1,3800,200,2
0,382,35627.3,1502,19,1,3800,200,6
0,385,23614.3,839,2,1,400,200,2
0,389,2864.07,839,2,1,400,200,2
0,411,57653,1502,19,1,3800,200,2
0,426,2671.61,839,2,1,400,200,2
0,433,41986.4,1502,19,1,3800,200,2
0,435,103424,1502,19,1,3800,200,2
0,441,378.162,839,2,1,400,200,4
0,444,62593.1,1502,19,1,3800,200,2
0,448,56064,1502,19,1,3800,200,2
0,461,19739,839,2,1,400,200,2
0,465,14665.8,1502,19,1,3800,200,4
0,475,21812.7,839,2,1,400,200,4
0,476,20431.8,839,2,1,400,200,4
0,476,13712.4,1502,19,1,3800,200,2
0,481,54633,839,2,1,400,200,2
0,483,17537.4,839,2,1,400,200,4
0,487,469.001,839,2,1,400,200,8
0,488,1397.77,839,2,1,400,200,6
0,496,1046.28,839,2,1,400,200,2
0,4154,106820,1502,19,1,3800,200,2
0,4156,13914.8,839,2,1,400,200,4
0,4156,21202.4,1502,19,1,3800,200,2
0,4158,93.5935,839,2,1,400,200,4
0,4171,124663,839,2,1,400,200,2
0,4174,14352.3,839,2,1,400,200,4
0,4176,1732.23,839,2,1,400,200,4
0,4177,1490.78,1502,19,1,3800,200,2
0,4177,16019,839,2,1,400,200,2
0,4180,49178.8,839,2,1,400,200,2
0,4182,1057.66,839,2,1,400,200,2
0,4185,3049.89,839,2,1,400,200,2
0,4194,88917.4,1502,19,1,3800,200,2
0,4195,2827.45,1502,19,1,3800,200,4
0,4196,143428,839,2,1,400,200,6
0,4204,985.788,839,2,1,400,200,8
0,4220,10185.6,1502,19,1,3800,200,4
0,4252,56586.1,1502,19,1,3800,200,2
0,4254,28923.9,1502,19,1,3800,200,6
0,4262,26714.9,1502,19,1,3800,200,2
0,4270,46353.3,1502,19,1,3800,200,4
0,4297,30315.6,1502,19,1,3800,200,8
0,4311,368.97,839,2,1,400,200,2
0,4314,11475.1,839,2,1,400,200,2
0,6642,28763.5,1502,19,1,3800,200,2
0,6653,26399.6,839,2,1,400,200,2
0,6666,51775.3,1502,19,1,3800,200,2
0,6672,15102.6,1502,19,1,3800,200,4
0,6699,418.556,839,2,1,400,200,6
0,6702,46643.3,839,2,1,400,200,2
0,6718,7748.84,839,2,1,400,200,6
0,6731,106833,1502,19,1,3800,200,2
0,6734,31441.2,1502,19,1,3800,200,2
0,6749,37130.2,1502,19,1,3800,200,6
0,6750,14387.3,839,2,1,400,200,2
0,6750,425.804,839,2,1,400,200,8
0,6752,1078.47,839,2,1,400,200,2
0,6758,408.732,839,2,1,400,200,4
0,6769,6212.49,839,2,1,400,200,2
0,6769,64304.7,1502,19,1,3800,200,4
0,6774,69636.4,1502,19,1,3800,200,2
0,6778,24065.7,839,2,1,400,200,2
0,6783,682.718,839,2,1,400,200,8
0,6794,2028.74,839,2,1,400,200,4
0,6801,9902.82,1502,19,1,3800,200,2
0,6802,100579,1502,19,1,3800,200,4
0,11455,12262.6,1502,19,1,3800,200,2
0,11458,38696.8,839,2,1,400,200,2
0,11477,60826.5,1502,19,1,3800,200,2
0,11490,364.773,839,2,1,400,200,4
0,11505,88948.1,839,2,1,400,200,2
0,11512,23727.4,839,2,1,400,200,6
0,11516,2231.75,839,2,1,400,200,2
0,11520,3182.38,839,2,1,400,200,2
0,11531,59227.8,1502,19,1,3800,200,2
0,11532,46213.8,1502,19,1,3800,200,2
0,11538,22092.7,839,2,1,400,200,2
0,11543,36277.4,1502,19,1,3800,200,2
0,11550,10339,839,2,1,400,200,4
0,11551,2865.3,1502,19,1,3800,200,6
0,11559,1214.69,839,2,1,400,200,2
0,11575,17840.1,839,2,1,400,200,2
0,11576,49545.8,839,2,1,400,200,2
0,11579,199438,1502,19,1,3800,200,2
0,11580,19485,839,2,1,400,200,2
0,11593,35124.8,1502,19,1,3800,200,2
0,11593,77469.1,1502,19,1,3800,200,2
0,11604,316.791,839,2,1,400,200,10
0,11615,43389.8,839,2,1,400,200,2
0,11618,65611.4,839,2,1,400,200,2
0,14954,1016.87,839,2,1,400,200,4
0,14955,19512.3,1502,19,1,3800,200,4
0,14956,37486.3,839,2,1,400,200,6
0,14972,93290.5,839,2,1,400,200,2
0,14982,42765.6,1502,19,1,3800,200,2
0,14991,372.33,839,2,1,400,200,2
0,14996,14774.6,1502,19,1,3800,200,2
0,15004,12204.7,1502,19,1,3800,200,6
0,15007,86547.3,839,2,1,400,200,6
0,15022,93.0031,839,2,1,400,200,6
0,15023,19793.6,1502,19,1,3800,200,4
0,15027,12837.1,839,2,1,400,200,2
0,15031,148159,839,2,1,400,200,2
0,15038,72864,1502,19,1,3800,200,2
0,15053,53032.6,1502,19,1,3800,200,2
0,15058,37211.4,839,2,1,400,200,2
0,15060,31733,839,2,1,400,200,4
0,15065,38059.6,839,2,1,400,200,6
0,15077,4278.74,839,2,1,400,200,4
0,15089,109037,839,2,1,400,200,2
0,18453,32958,839,2,1,400,200,2
0,18458,90930.7,839,2,1,400,200,2
0,18461,178952,1502,19,1,3800,200,4
0,18466,1935.76,839,2,1,400,200,4
0,18472,3237.9,839,2,1,400,200,2
0,18475,73070.4,1502,19,1,3800,200,4
0,18495,42519.6,1502,19,1,3800,200,2
0,18499,43106.7,839,2,1,400,200,2
0,18500,28161.6,1502,19,1,3800,200,2
0,18532,83280.2,1502,19,1,3800,200,6
0,18535,29301.1,1502,19,1,3800,200,4
0,18535,56959.8,839,2,1,400,200,2
0,18541,69417.3,839,2,1,400,200,2
0,18547,710.337,839,2,1,400,200,6
0,18550,1764.88,1502,19,1,3800,200,4
0,18552,1606.69,839,2,1,400,200,2
0,18552,44566,839,2,1,400,200,2
0,18565,7306.22,839,2,1,400,200,6
0,18565,185294,1502,19,1,3800,200,2
0,18587,106890,839,2,1,400,200,2
0,18589,50055.2,1502,19,1,3800,200,2
0,21581,306.387,839,2,1,400,200,6
0,21582,14163.6,839,2,1,400,200,2
0,21585,24702.8,839,2,1,400,200,4
0,21600,44940.3,1502,19,1,3800,200,2
0,21632,17052.3,1502,19,1,3800,200,6
0,21649,13483.2,1502,19,1,3800,200,2
0,21649,41776.1,839,2,1,400,200,2
0,21655,33567.4,839,2,1,400,200,2
0,21691,4644.7,1502,19,1,3800,200,2
0,21693,59002.5,1502,19,1,3800,200,2
0,21695,141940,1502,19,1,3800,200,2
0,21709,67301.4,839,2,1,400,200,4
0,21710,267.201,839,2,1,400,200,4
0,21715,31079.4,1502,19,1,3800,200,6
0,21717,1598,1502,19,1,3800,200,2
0,21737,33482,1502,19,1,3800,200,2
0,21739,86929.7,1502,19,1,3800,200,2
0,24075,53250.8,839,2,1,400,200,2
0,24078,3268.79,839,2,1,400,200,2
0,24082,1178,839,2,1,400,200,2
0,24096,59754.5,839,2,1,400,200,2
0,24096,11100,839,2,1,400,200,2
0,24101,2885,839,2,1,400,200,2
0,24106,11699.1,839,2,1,400,200,2
0,24128,42424.4,1502,19,1,3800,200,2
0,24130,33860,839,2,1,400,200,6
0,24135,2499.31,839,2,1,400,200,2
0,24142,40823.3,1502,19,1,3800,200,6
0,24155,83050,1502,19,1,3800,200,4
0,24155,20801,1502,19,1,3800,200,2
0,24161,11435.8,1502,19,1,3800,200,2
0,24163,16457.3,839,2,1,400,200,4
0,24164,47932,839,2,1,400,200,2
0,24170,10410.7,1502,19,1,3800,200,2
0,24180,14819.1,839,2,1,400,200,2
0,24182,1636.57,1502,19,1,3800,200,2
0,24183,1422.32,839,2,1,400,200,2
0,24184,29380.5,839,2,1,400,200,2
0,24187,7489.83,839,2,1,400,200,2
0,24194,13329.3,839,2,1,400,200,2
0,24213,106870,1502,19,1,3800,200,4
0,24220,94619.3,1502,19,1,3800,200,2
0,24226,16183.6,1502,19,1,3800,200,2
0,27559,22878.1,1502,19,1,3800,200,4
0,27568,21360.8,839,2,1,400,200,2
0,27572,29965.6,839,2,1,400,200,2
0,27574,612.349,839,2,1,400,200,2
0,27574,95915.5,1502,19,1,3800,200,2
0,27577,9660.5,1502,19,1,3800,200,2
0,27591,23442.1,1502,19,1,3800,200,2
0,27595,18578.7,1502,19,1,3800,200,2
0,27604,4388.7,1502,19,1,3800,200,4
0,27631,24794.2,1502,19,1,3800,200,2
0,27643,26215.3,1502,19,1,3800,200,2
0,27660,55089.2,839,2,1,400,200,2
0,27668,7587.51,1502,19,1,3800,200,2
0,27670,33144,839,2,1,400,200,2
0,27680,282.324,839,2,1,400,200,12
0,27683,106534,839,2,1,400,200,2
0,27691,2370.55,1502,19,1,3800,200,4
0,27699,22004,1502,19,1,3800,200,2
0,27705,20277.6,839,2,1,400,200,4
0,1172,14290.6,1502,19,1,3800,200,2
0,1174,69720.6,1502,19,1,3800,200,4
0,1179,19501.5,839,2,1,400,200,2
0,1185,124177,1502,19,1,3800,200,2
0,1190,83949.2,1502,19,1,3800,200,2
0,1195,423.355,839,2,1,400,200,4
0,1195,9389.66,1502,19,1,3800,200,2
0,1197,70887.2,1502,19,1,3800,200,2
0,1212,995.535,839,2,1,400,200,8
0,1221,47475.5,839,2,1,400,200,2
0,1230,5212.25,839,2,1,400,200,2
0,1256,10798,1502,19,1,3800,200,4
0,1257,30877.1,1502,19,1,3800,200,4
0,1259,12229.2,1502,19,1,3800,200,2
0,1262,27099.9,1502,19,1,3800,200,2
0,1263,1123,839,2,1,400,200,2
0,1263,56049.1,839,2,1,400,200,6
0,1266,85086.6,839,2,1,400,200,2
0,1274,964.965,839,2,1,400,200,10
0,1278,5821.42,1502,19,1,3800,200,4
0,1297,228786,1502,19,1,3800,200,2
0,1300,741.952,839,2,1,400,200,2
0,1310,5331.48,1502,19,1,3800,200,6
0,1310,88117,1502,19,1,3800,200,4
0,1317,33348.8,1502,19,1,3800,200,2
0,1323,31309.5,1502,19,1,3800,200,2
0,1327,30443,839,2,1,400,200,2
0,3326,32918.3,1502,19,1,3800,200,4
0,3332,3914.24,839,2,1,400,200,4
0,3346,7496.52,1502,19,1,3800,200,2
0,3352,822.532,839,2,1,400,200,4
0,3360,24819.6,1502,19,1,3800,200,6
0,3368,7131.15,839,2,1,400,200,2
0,3370,18386.9,839,2,1,400,200,2
0,3385,461.672,839,2,1,400,200,2
0,3393,104345,839,2,1,400,200,2
0,3394,25088.7,839,2,1,400,200,2
0,3407,264.85,839,2,1,400,200,2
0,3407,35824.8,1502,19,1,3800,200,2
0,3408,8917.31,839,2,1,400,200,2
0,3414,225.852,839,2,1,400,200,8
0,3418,96735.6,839,2,1,400,200,2
0,3421,192707,839,2,1,400,200,2
0,3423,16510.3,1502,19,1,3800,200,4
0,3439,59605.4,1502,19,1,3800,200,2
0,3450,110603,839,2,1,400,200,2
0,3451,4093.05,1502,19,1,3800,200,2
0,3453,24154.5,839,2,1,400,200,2
0,3455,7845.32,1502,19,1,3800,200,2
0,3465,34930,1502,19,1,3800,200,4
0,3468,86841.1,839,2,1,400,200,2
0,3477,45820.5,1502,19,1,3800,200,2
0,8315,31547.5,839,2,1,400,200,6
0,8339,83134.3,839,2,1,400,200,2
0,8341,97166,1502,19,1,3800,200,2
0,8343,35687.3,839,2,1,400,200,2
0,8350,16494,1502,19,1,3800,200,2
0,8353,4290.62,839,2,1,400,200,2
0,8355,54543.2,1502,19,1,3800,200,2
0,8357,2348.33,839,2,1,400,200,2
0,8358,44617.1,1502,19,1,3800,200,2
0,8360,15062,839,2,1,400,200,4
0,8362,28840.9,839,2,1,400,200,2
0,8365,28914.6,1502,19,1,3800,200,4
0,8366,11881.5,1502,19,1,3800,200,2
0,8366,155.79,839,2,1,400,200,8
0,8371,7644.08,1502,19,1,3800,200,2
0,8390,33243.3,1502,19,1,3800,200,2
0,8396,1428.95,839,2,1,400,200,4
0,8414,126286,1502,19,1,3800,200,2
0,8420,13161.9,1502,19,1,3800,200,2
0,8421,52906.5,1502,19,1,3800,200,2
0,8445,33755.9,1502,19,1,3800,200,2
0,8446,479.804,839,2,1,400,200,16
0,8448,50697.8,839,2,1,400,200,2
0,8449,14795.7,839,2,1,400,200,2
0,8452,680.353,839,2,1,400,200,2
0,8453,222.582,839,2,1,400,200,2
0,8454,3835.54,1502,19,1,3800,200,2
0,8459,3900.68,1502,19,1,3800,200,2
0,8464,21714.1,1502,19,1,3800,200,2
0,11290,68996,1502,19,1,3800,200,2
0,11305,27703.5,1502,19,1,3800,200,2
0,11312,69175.9,839,2,1,400,200,2
0,11315,43618.8,839,2,1,400,200,2
0,11336,3284.79,839,2,1,400,200,2
0,11338,70213.1,1502,19,1,3800,200,4
0,11340,18317.8,839,2,1,400,200,2
0,11343,22024.4,839,2,1,400,200,2
0,11344,17386.8,839,2,1,400,200,2
0,11353,535.516,839,2,1,400,200,8
0,11363,10780.8,1502,19,1,3800,200,2
0,11375,49973.9,839,2,1,400,200,4
0,11376,16749.9,1502,19,1,3800,200,2
0,11389,1752.6,839,2,1,400,200,8
0,11392,8750.42,1502,19,1,3800,200,2
0,11408,635.882,839,2,1,400,200,2
0,11409,1924.91,839,2,1,400,200,2
0,11428,18041.9,839,2,1,400,200,2
0,11432,11044.6,839,2,1,400,200,4
0,11437,2999.19,839,2,1,400,200,6
0,11443,46945.2,839,2,1,400,200,2
0,14454,193.327,839,2,1,400,200,4
0,14457,10008.3,839,2,1,400,200,2
0,14459,28120.1,1502,19,1,3800,200,2
0,14460,5359.45,1502,19,1,3800,200,2
0,14467,101307,839,2,1,400,200,2
0,14470,107972,839,2,1,400,200,2
0,14471,2863.21,839,2,1,400,200,8
0,14488,68109.1,839,2,1,400,200,2
0,14497,597.519,839,2,1,400,200,2
0,14497,17659.8,839,2,1,400,200,2
0,14504,27675.3,1502,19,1,3800,200,4
0,14504,146752,839,2,1,400,200,2
0,14508,49417,839,2,1,400,200,2
0,14514,30795.6,1502,19,1,3800,200,2
0,14548,31314.2,1502,19,1,3800,200,6
0,14550,2265.86,839,2,1,400,200,4
0,14554,36526.2,1502,19,1,3800,200,2
0,14557,13430.1,1502,19,1,3800,200,2
0,14565,46230.9,839,2,1,400,200,2
0,14565,57705.1,839,2,1,400,200,4
0,14571,151206,1502,19,1,3800,200,4
0,14586,112871,1502,19,1,3800,200,2
0,14597,1169.97,839,2,1,400,200,14
0,17762,56556.9,1502,19,1,3800,200,4
0,17777,14859,1502,19,1,3800,200,2
0,17789,48246,839,2,1,400,200,2
0,17808,26817.2,1502,19,1,3800,200,4
0,17814,34164,1502,19,1,3800,200,4
0,17822,2659.83,839,2,1,400,200,2
0,17823,19529.6,1502,19,1,3800,200,2
0,17825,2096.54,1502,19,1,3800,200,2
0,17842,116812,839,2,1,400,200,2
0,17855,190563,839,2,1,400,200,6
0,17857,16564.9,1502,19,1,3800,200,2
0,17857,15268.2,839,2,1,400,200,8
0,17873,11893.2,1502,19,1,3800,200,2
0,17896,104730,839,2,1,400,200,2
0,17901,1400.09,1502,19,1,3800,200,2
0,17903,24784.3,839,2,1,400,200,2
0,17908,89974,1502,19,1,3800,200,2
0,17909,47505.2,839,2,1,400,200,4
0,17911,11483.8,1502,19,1,3800,200,2
0,17918,389.954,839,2,1,400,200,8
0,21251,50906,1502,19,1,3800,200,2
0,21285,154436,839,2,1,400,200,2
0,21286,566.178,839,2,1,400,200,2
0,21288,83591.6,839,2,1,400,200,2
0,21335,6960.95,839,2,1,400,200,2
0,21337,1118.78,839,2,1,400,200,2
0,21349,14765.7,1502,19,1,3800,200,2
0,21379,75356.9,1502,19,1,3800,200,2
0,21393,246.29,839,2,1,400,200,2
0,24581,141195,839,2,1,400,200,4
0,24582,8081.31,1502,19,1,3800,200,4
0,24607,31743.2,839,2,1,400,200,2
0,24607,19564,1502,19,1,3800,200,4
0,24611,37347.1,839,2,1,400,200,2
0,24613,3573.41,1502,19,1,3800,200,2
0,24615,72926.6,1502,19,1,3800,200,4
0,24620,48069.1,839,2,1,400,200,2
0,24621,12395,839,2,1,400,200,4
0,24630,55819.1,1502,19,1,3800,200,4
0,24639,4872.99,1502,19,1,3800,200,2
0,24643,136207,839,2,1,400,200,4
0,24645,15917,839,2,1,400,200,4
0,24667,83940.9,1502,19,1,3800,200,2
0,24671,24233.2,1502,19,1,3800,200,2
0,24674,76545.7,839,2,1,400,200,2
0,24691,1347.44,839,2,1,400,200,2
0,24691,8350.8,1502,19,1,3800,200,2
0,24693,173650,1502,19,1,3800,200,2
0,24696,16105.7,1502,19,1,3800,200,4
0,24720,5385.69,839,2,1,400,200,2
0,2836,320.501,839,2,1,400,200,4
0,2838,5848.13,1502,19,1,3800,200,2
0,2840,11410.9,839,2,1,400,200,2
0,2841,13777.1,1502,19,1,3800,200,2
0,2846,6049.91,1502,19,1,3800,200,6
0,2856,59131.1,839,2,1,400,200,2
0,2859,161992,1502,19,1,3800,200,2
0,2863,52469.8,1502,19,1,3800,200,2
0,2864,55073,1502,19,1,3800,200,2
0,2866,3192.78,1502,19,1,3800,200,2
0,2876,53185.6,839,2,1,400,200,2
0,2907,13970.6,839,2,1,400,200,2
0,2910,1314.13,839,2,1,400,200,2
0,2919,98534.9,1502,19,1,3800,200,2
0,2922,83675.2,1502,19,1,3800,200,2
0,2944,23996.6,1502,19,1,3800,200,2
0,2945,34507.8,839,2,1,400,200,2
0,2949,12285,839,2,1,400,200,6
0,2970,23793.3,1502,19,1,3800,200,4
0,2972,3484.56,1502,19,1,3800,200,2
0,2972,40836,839,2,1,400,200,2
0,2975,199935,839,2,1,400,200,2
0,2978,3150.72,839,2,1,400,200,2
0,2983,22452.6,839,2,1,400,200,4
0,2987,54458,1502,19,1,3800,200,2
0,4819,15069.6,1502,19,1,3800,200,2
0,4825,278.79,839,2,1,400,200,2
0,4862,190695,839,2,1,400,200,2
0,4872,27970.1,839,2,1,400,200,2
0,4873,61515.8,1502,19,1,3800,200,4
0,4878,11989.9,1502,19,1,3800,200,2
0,4885,171.425,839,2,1,400,200,14
0,4894,12426,1502,19,1,3800,200,2
0,4914,23046.6,839,2,1,400,200,2
0,4928,13953.2,1502,19,1,3800,200,2
0,4937,21264.4,839,2,1,400,200,2
0,4944,183.964,839,2,1,400,200,2
0,4947,48072.5,1502,19,1,3800,200,4
0,4959,3181.15,839,2,1,400,200,4
0,4959,90391.3,1502,19,1,3800,200,4
0,4967,99577.7,1502,19,1,3800,200,4
0,4979,211619,839,2,1,400,200,2
0,8965,11278.8,839,2,1,400,200,4
0,8978,6447.73,1502,19,1,3800,200,2
0,8981,178.136,839,2,1,400,200,2
0,9004,145271,839,2,1,400,200,2
0,9013,1119.14,839,2,1,400,200,4
0,9015,14883.8,839,2,1,400,200,2
0,9017,53361.4,1502,19,1,3800,200,2
0,9021,31626.5,1502,19,1,3800,200,2
0,9024,13718.9,839,2,1,400,200,2
0,9026,71838.5,839,2,1,400,200,4
0,9028,26385.4,839,2,1,400,200,6
0,9032,83218.8,1502,19,1,3800,200,2
0,9041,25414.1,1502,19,1,3800,200,2
0,9041,10626.9,1502,19,1,3800,200,2
0,9059,8657.16,839,2,1,400,200,2
0,9066,6240.55,1502,19,1,3800,200,2
0,9069,101435,839,2,1,400,200,2
0,9082,71802,1502,19,1,3800,200,6
0,9083,15397.1,1502,19,1,3800,200,4
0,9103,38496.8,839,2,1,400,200,2
0,9117,12296.3,839,2,1,400,200,2
0,9118,5994.5,1502,19,1,3800,200,2
0,13116,23291.9,1502,19,1,3800,200,2
0,13131,32086.3,1502,19,1,3800,200,6
0,13136,12079.7,839,2,1,400,200,2
0,13137,391.525,839,2,1,400,200,12
0,13152,1421.82,839,2,1,400,200,2
0,13156,18828.8,1502,19,1,3800,200,2
0,13166,310.522,839,2,1,400,200,8
0,13169,28170.1,839,2,1,400,200,2
0,13171,82187.2,1502,19,1,3800,200,2
0,13174,16309.1,1502,19,1,3800,200,6
0,13178,1281.48,839,2,1,400,200,4
0,13184,105820,1502,19,1,3800,200,4
0,13186,90581.3,1502,19,1,3800,200,2
0,13197,700.105,839,2,1,400,200,2
0,13209,3042.03,839,2,1,400,200,2
0,13212,725.704,839,2,1,400,200,2
0,13212,102717,839,2,1,400,200,2
0,13223,47555.1,1502,19,1,3800,200,2
0,13236,36839.9,1502,19,1,3800,200,2
0,13243,24577.4,1502,19,1,3800,200,4
0,13260,48117.4,839,2,1,400,200,2
0,13262,15282.2,839,2,1,400,200,2
0,13271,109928,1502,19,1,3800,200,6
0,13279,111332,1502,19,1,3800,200,2
0,13279,39159.1,839,2,1,400,200,2
0,16108,52109.7,839,2,1,400,200,2
0,16115,8834.75,1502,19,1,3800,200,2
0,16118,27292.9,839,2,1,400,200,2
0,16139,4661.21,1502,19,1,3800,200,2
0,16145,133953,1502,19,1,3800,200,2
0,16155,40386.6,1502,19,1,3800,200,2
0,16163,1209.79,839,2,1,400,200,2
0,16168,24569.3,839,2,1,400,200,2
0,16169,23963.5,1502,19,1,3800,200,2
0,16184,2881.43,839,2,1,400,200,2
0,16195,44181.6,839,2,1,400,200,4
0,16197,47226.6,1502,19,1,3800,200,2
0,16201,85427.8,1502,19,1,3800,200,4
0,16203,13675.8,1502,19,1,3800,200,6
0,16203,36547.1,1502,19,1,3800,200,2
0,16204,19751.7,1502,19,1,3800,200,2
0,16213,332.409,839,2,1,400,200,4
0,16213,68167.5,839,2,1,400,200,2
0,16217,8169.79,839,2,1,400,200,4
0,16223,75317.7,1502,19,1,3800,200,2
0,16223,63995.3,839,2,1,400,200,2
0,16224,130167,1502,19,1,3800,200,2
0,16239,68380.4,1502,19,1,3800,200,2
0,16241,11993.7,1502,19,1,3800,200,2
0,19755,8210.99,839,2,1,400,200,2
0,19756,82508.8,1502,19,1,3800,200,2
0,19757,103964,1502,19,1,3800,200,2
0,19761,42388.2,839,2,1,400,200,2
0,19762,23621.5,1502,19,1,3800,200,2
0,19765,81160.9,839,2,1,400,200,6
0,19768,59846.4,839,2,1,400,200,2
0,19775,498.634,839,2,1,400,200,4
0,19780,460.19,839,2,1,400,200,6
0,19807,57406.6,839,2,1,400,200,2
0,19812,65313.2,839,2,1,400,200,4
0,19818,630.027,839,2,1,400,200,4
0,19823,54428.1,1502,19,1,3800,200,2
0,19826,17942.7,1502,19,1,3800,200,2
0,19829,122937,839,2,1,400,200,2
0,19863,71998.9,839,2,1,400,200,2
0,19873,71227.4,1502,19,1,3800,200,2
0,19881,54092,839,2,1,400,200,2
0,19884,37788.1,1502,19,1,3800,200,2
0,19900,24477.7,1502,19,1,3800,200,4
0,19907,964.129,839,2,1,400,200,2
0,19914,14797.8,839,2,1,400,200,2
0,19915,163610,839,2,1,400,200,2
0,19916,80662.7,1502,19,1,3800,200,4
0,22912,3681.22,1502,19,1,3800,200,2
0,22915,690.539,839,2,1,400,200,2
0,22920,68647.4,1502,19,1,3800,200,4
0,22921,31008.4,1502,19,1,3800,200,4
0,22928,23064.3,839,2,1,400,200,4
0,22936,49164.1,1502,19,1,3800,200,2
0,22938,137.936,839,2,1,400,200,8
0,22940,58721.9,1502,19,1,3800,200,2
0,22942,66898.7,1502,19,1,3800,200,2
0,22944,7643.98,1502,19,1,3800,200,2
0,22947,58278.7,839,2,1,400,200,2
0,22947,39389.8,1502,19,1,3800,200,2
0,22956,15592.2,1502,19,1,3800,200,2
0,22962,2781.8,1502,19,1,3800,200,4
0,22970,26300.2,839,2,1,400,200,2
0,22989,35232.3,1502,19,1,3800,200,2
0,23002,19426,839,2,1,400,200,2
0,23003,1786.7,839,2,1,400,200,8
0,23009,113763,1502,19,1,3800,200,2
0,23011,38887.1,839,2,1,400,200,2
0,23027,103945,1502,19,1,3800,200,2
0,23030,10145.5,839,2,1,400,200,2
0,23036,47744.1,839,2,1,400,200,2
0,23046,91106.4,839,2,1,400,200,4
0,23046,9911.37,839,2,1,400,200,2
0,23050,150065,1502,19,1,3800,200,2
0,23051,118805,839,2,1,400,200,2
0,23054,24292.7,1502,19,1,3800,200,6
0,23054,4126.57,1502,19,1,3800,200,2
0,23054,137832,839,2,1,400,200,4
0,23063,81391.5,1502,19,1,3800,200,2
0,23069,341.031,839,2,1,400,200,6
0,23070,5494.31,839,2,1,400,200,2
0,23071,17444.9,839,2,1,400,200,2
0,26237,19329,839,2,1,400,200,2
0,26255,15210.4,1502,19,1,3800,200,4
0,26258,19123.5,1502,19,1,3800,200,6
0,26260,47530.4,1502,19,1,3800,200,2
0,26262,36084.2,839,2,1,400,200,4
0,26275,371.929,839,2,1,400,200,2
0,26278,7921.94,1502,19,1,3800,200,2
0,26300,29000.7,839,2,1,400,200,4
0,26308,64230.6,839,2,1,400,200,2
0,26315,48407.4,1502,19,1,3800,200,4
0,26322,132710,1502,19,1,3800,200,2
0,26330,1247.19,839,2,1,400,200,2
0,26341,212352,1502,19,1,3800,200,2
0,26346,48985.9,1502,19,1,3800,200,2
0,26355,985.526,839,2,1,400,200,2
0,26355,11881.5,839,2,1,400,200,2
0,26358,22784.4,839,2,1,400,200,2
0,26372,5917.21,839,2,1,400,200,2
0,26384,11952.9,1502,19,1,3800,200,6
0,498,52089,1502,19,1,3800,200,2
0,507,12480.1,1502,19,1,3800,200,2
0,516,2769.8,839,2,1,400,200,2
0,525,35474.1,839,2,1,400,200,6
0,554,16049.7,839,2,1,400,200,2
0,571,32506.7,1502,19,1,3800,200,6
0,573,27564.3,1502,19,1,3800,200,4
0,577,23529.4,839,2,1,400,200,2
0,580,114323,1502,19,1,3800,200,2
0,591,43337.9,839,2,1,400,200,2
0,594,96002.4,1502,19,1,3800,200,2
0,596,35332.5,1502,19,1,3800,200,2
0,598,13103.9,839,2,1,400,200,4
0,618,49770.4,839,2,1,400,200,4
0,619,30647.9,1502,19,1,3800,200,2
0,650,31825.9,839,2,1,400,200,2
0,653,56558.5,839,2,1,400,200,2
0,5005,45167.4,1502,19,1,3800,200,2
0,5006,58144.7,1502,19,1,3800,200,2
0,5010,43876.4,1502,19,1,3800,200,2
0,5013,9567.56,1502,19,1,3800,200,2
0,5014,41926.7,839,2,1,400,200,2
0,5018,51834.1,1502,19,1,3800,200,4
0,5020,65869.4,1502,19,1,3800,200,2
0,5042,180373,1502,19,1,3800,200,2
0,5044,5794.21,839,2,1,400,200,2
0,5045,30857.5,839,2,1,400,200,2
0,5047,10620.5,1502,19,1,3800,200,2
0,5059,27085.8,1502,19,1,3800,200,4
0,5068,261.052,839,2,1,400,200,2
0,5071,95068.3,1502,19,1,3800,200,2
0,5085,94316.6,839,2,1,400,200,2
0,5111,21317.8,1502,19,1,3800,200,2
0,5125,40484.9,839,2,1,400,200,2
0,7998,27242.9,839,2,1,400,200,2
0,8010,701.689,839,2,1,400,200,4
0,8011,8791.09,839,2,1,400,200,6
0,8014,34549.8,1502,19,1,3800,200,4
0,8026,108432,1502,19,1,3800,200,2
0,8037,42985.5,839,2,1,400,200,2
0,8041,882.384,839,2,1,400,200,8
0,8050,53702.2,839,2,1,400,200,2
0,8054,56044.2,1502,19,1,3800,200,2
0,8054,683.789,839,2,1,400,200,6
0,8066,14541.8,839,2,1,400,200,2
0,8070,33661.4,1502,19,1,3800,200,2
0,8071,12239.2,1502,19,1,3800,200,2
0,8071,31111.7,1502,19,1,3800,200,2
0,8081,95047.1,1502,19,1,3800,200,2
0,8085,49505.9,1502,19,1,3800,200,4
0,8087,74130.5,839,2,1,400,200,4
0,8092,2067.06,839,2,1,400,200,2
0,8094,31574.9,839,2,1,400,200,6
0,8097,195787,1502,19,1,3800,200,2
0,8099,313.528,839,2,1,400,200,2
0,8105,50009.8,1502,19,1,3800,200,2
0,8108,31255.3,839,2,1,400,200,4
0,8109,13135.4,1502,19,1,3800,200,2
0,8111,117184,839,2,1,400,200,4
0,8114,8371.87,1502,19,1,3800,200,2
0,8116,4460.93,839,2,1,400,200,2
0,8121,35666.9,839,2,1,400,200,2
0,8130,78112,1502,19,1,3800,200,4
0,10472,85430.2,1502,19,1,3800,200,2
0,10474,543.646,839,2,1,400,200,6
0,10478,1470.75,839,2,1,400,200,8
0,10482,58253.7,839,2,1,400,200,4
0,10486,4868.91,839,2,1,400,200,2
0,10490,24785.2,839,2,1,400,200,6
0,10491,39453.7,839,2,1,400,200,2
0,10492,63812.4,1502,19,1,3800,200,2
0,10494,81642.9,1502,19,1,3800,200,2
0,10495,26682.1,1502,19,1,3800,200,2
0,10503,293.633,839,2,1,400,200,10
0,10507,88924.9,1502,19,1,3800,200,2
0,10509,15479.5,839,2,1,400,200,2
0,10523,115773,1502,19,1,3800,200,4
0,10531,47262.2,1502,19,1,3800,200,4
0,10532,51102.3,1502,19,1,3800,200,2
0,10540,90866.5,1502,19,1,3800,200,2
0,10541,2310.97,1502,19,1,3800,200,6
0,10545,92777.1,839,2,1,400,200,8
0,10548,3841.93,1502,19,1,3800,200,2
0,10570,2407.52,839,2,1,400,200,2
0,10571,4872.74,1502,19,1,3800,200,2
0,10579,9606.81,839,2,1,400,200,6
0,10580,7651.33,1502,19,1,3800,200,8
0,10585,102933,839,2,1,400,200,4
0,10588,99365.4,839,2,1,400,200,2
0,10608,36456.6,1502,19,1,3800,200,4
0,13944,73052.9,1502,19,1,3800,200,6
0,13945,115891,839,2,1,400,200,4
0,13945,28650.6,1502,19,1,3800,200,6
0,13945,91642.3,839,2,1,400,200,2
0,13947,35279.3,839,2,1,400,200,2
0,13951,53964.3,1502,19,1,3800,200,4
0,13954,524.521,839,2,1,400,200,2
0,13957,1315.3,839,2,1,400,200,4
0,13964,97325.2,839,2,1,400,200,2
0,13973,52074.9,1502,19,1,3800,200,2
0,13975,36451.3,839,2,1,400,200,2
0,13990,15612.2,1502,19,1,3800,200,4
0,14005,34981.6,839,2,1,400,200,2
0,14014,822.731,839,2,1,400,200,2
0,14032,49859.5,1502,19,1,3800,200,2
0,14042,13407,1502,19,1,3800,200,2
0,14054,30769.6,839,2,1,400,200,2
0,14068,50306.9,1502,19,1,3800,200,6
0,14072,116858,1502,19,1,3800,200,2
0,14079,18332.1,1502,19,1,3800,200,2
0,14081,4076.02,839,2,1,400,200,2
0,14084,29204.9,839,2,1,400,200,2
0,14087,39921.9,1502,19,1,3800,200,4
0,14089,129874,839,2,1,400,200,2
0,14101,24337.6,1502,19,1,3800,200,2
0,17432,31849.2,1502,19,1,3800,200,2
0,17451,6366.57,1502,19,1,3800,200,4
0,17451,58269.6,839,2,1,400,200,2
0,17455,4640.85,839,2,1,400,200,2
0,17458,5389.05,839,2,1,400,200,2
0,17459,179570,1502,19,1,3800,200,4
0,17461,26256.5,1502,19,1,3800,200,2
0,17469,2278.61,839,2,1,400,200,4
0,17490,12719.6,1502,19,1,3800,200,2
0,17496,8904.4,1502,19,1,3800,200,2
0,17504,42091.9,1502,19,1,3800,200,2
0,17513,9833.6,1502,19,1,3800,200,2
0,17516,111301,1502,19,1,3800,200,4
0,17519,13685.9,1502,19,1,3800,200,2
0,17519,729.097,839,2,1,400,200,16
0,17526,47974.7,1502,19,1,3800,200,2
0,17533,72177.4,839,2,1,400,200,2
0,17542,392.719,839,2,1,400,200,2
0,17544,503.734,839,2,1,400,200,2
0,17545,315.731,839,2,1,400,200,8
0,17565,29406,1502,19,1,3800,200,6
0,17569,91284.5,1502,19,1,3800,200,2
0,17570,1611.87,839,2,1,400,200,4
0,17570,57417.3,1502,19,1,3800,200,2
0,17578,22762.3,839,2,1,400,200,2
0,20758,58777.1,839,2,1,400,200,2
0,20759,18718.9,839,2,1,400,200,2
0,20768,70861.7,1502,19,1,3800,200,2
0,20769,15901,1502,19,1,3800,200,4
0,20770,79930.8,839,2,1,400,200,2
0,20770,62291.2,1502,19,1,3800,200,2
0,20778,14685.8,1502,19,1,3800,200,2
0,20784,121240,1502,19,1,3800,200,2
0,20786,9743.75,1502,19,1,3800,200,2
0,20791,6691.05,839,2,1,400,200,6
0,20800,113640,839,2,1,400,200,2
0,20803,92543.8,1502,19,1,3800,200,2
0,20812,23686.5,1502,19,1,3800,200,2
0,20817,44983.1,839,2,1,400,200,2
0,20818,101062,1502,19,1,3800,200,2
0,20819,36798,1502,19,1,3800,200,2
0,20819,50794.2,839,2,1,400,200,2
0,20830,21753.9,839,2,1,400,200,2
0,20836,51493.7,839,2,1,400,200,2
0,20841,47891.4,839,2,1,400,200,2
0,20841,409.009,839,2,1,400,200,2
0,20844,20010,1502,19,1,3800,200,2
0,20863,46231.1,839,2,1,400,200,2
0,20864,61741.9,1502,19,1,3800,200,2
0,20907,1029.69,839,2,1,400,200,6
0,20908,5887.86,1502,19,1,3800,200,4
0,20910,25774.5,839,2,1,400,200,2
0,23917,109886,839,2,1,400,200,2
0,23919,4235.98,1502,19,1,3800,200,2
0,23936,28797.2,1502,19,1,3800,200,2
0,23968,37722.4,839,2,1,400,200,2
0,23984,117590,1502,19,1,3800,200,6
0,23985,585.458,839,2,1,400,200,2
0,23992,39425.1,1502,19,1,3800,200,2
0,23994,14593.4,839,2,1,400,200,4
0,24006,45303.7,839,2,1,400,200,2
0,24016,5819.96,1502,19,1,3800,200,2
0,24019,714.124,839,2,1,400,200,4
0,24026,42449.6,839,2,1,400,200,2
0,24028,72107.8,839,2,1,400,200,2
0,24036,822.179,839,2,1,400,200,6
0,24042,4958.11,839,2,1,400,200,4
0,24044,3230.15,1502,19,1,3800,200,2
0,24069,32939.7,839,2,1,400,200,2
0,27060,11172.1,839,2,1,400,200,2
0,27073,47263.2,839,2,1,400,200,2
0,27080,20613.3,1502,19,1,3800,200,2
0,27081,5401.54,1502,19,1,3800,200,2
0,27088,51286,1502,19,1,3800,200,4
0,27092,54562.2,1502,19,1,3800,200,2
0,27110,46207.5,839,2,1,400,200,2
0,27125,16048.3,839,2,1,400,200,2
0,27131,35719.4,839,2,1,400,200,2
0,27143,41048.3,839,2,1,400,200,6
0,27156,69750,839,2,1,400,200,2
0,27159,9774.04,1502,19,1,3800,200,2
0,27159,55511.8,1502,19,1,3800,200,2
0,27161,3365.82,839,2,1,400,200,6
0,27162,56212.3,1502,19,1,3800,200,2
0,27163,195580,1502,19,1,3800,200,4
0,27163,17249.4,839,2,1,400,200,2
0,27184,3175.66,1502,19,1,3800,200,2
0,27186,78247.6,1502,19,1,3800,200,2
0,27211,980.992,839,2,1,400,200,2
0,27214,5342.36,1502,19,1,3800,200,2
0,19,74770.9,839,2,1,400,200,2
0,31,33753.2,1502,19,1,3800,200,2
0,33,28506.7,839,2,1,400,200,2
0,45,18617.5,839,2,1,400,200,2
0,51,44702.8,839,2,1,400,200,2
0,53,31449.3,839,2,1,400,200,6
0,56,145398,839,2,1,400,200,2
0,60,7082.97,839,2,1,400,200,2
0,80,18870.8,839,2,1,400,200,2
0,87,78409,1502,19,1,3800,200,2
0,87,65740.3,839,2,1,400,200,6
0,99,31050.2,1502,19,1,3800,200,2
0,107,3972.87,839,2,1,400,200,2
0,122,37666.3,1502,19,1,3800,200,4
0,138,279.364,839,2,1,400,200,4
0,141,19218.5,839,2,1,400,200,4
0,160,1198.98,839,2,1,400,200,2
0,165,18282.2,1502,19,1,3800,200,2
0,5977,53456.5,839,2,1,400,200,2
0,5981,7605.86,1502,19,1,3800,200,6
0,5982,12887.1,1502,19,1,3800,200,2
0,5983,119627,1502,19,1,3800,200,2
0,5986,24767.4,1502,19,1,3800,200,2
0,5989,62318.3,839,2,1,400,200,2
0,6020,23108.1,1502,19,1,3800,200,6
0,6020,356.804,839,2,1,400,200,2
0,6022,1123.84,839,2,1,400,200,4
0,6027,36192.9,839,2,1,400,200,4
0,6039,51498.2,1502,19,1,3800,200,2
0,6043,8837.43,1502,19,1,3800,200,2
0,6045,3663.2,1502,19,1,3800,200,2
0,6046,103806,1502,19,1,3800,200,2
0,6053,50851.9,1502,19,1,3800,200,4
0,6055,43797.7,839,2,1,400,200,2
0,6058,45294.8,839,2,1,400,200,2
0,6063,459.148,839,2,1,400,200,6
0,6093,105851,1502,19,1,3800,200,4
0,6116,8025.35,839,2,1,400,200,2
0,6118,11269.8,839,2,1,400,200,2
0,6140,123460,839,2,1,400,200,2
0,9301,436.715,839,2,1,400,200,2
0,9306,23784.6,839,2,1,400,200,2
0,9307,33055.4,1502,19,1,3800,200,2
0,9315,129037,839,2,1,400,200,2
0,9319,13502.1,839,2,1,400,200,4
0,9321,20209.1,1502,19,1,3800,200,4
0,9324,6012.95,839,2,1,400,200,4
0,9325,38202.4,1502,19,1,3800,200,2
0,9329,37611.5,839,2,1,400,200,6
0,9331,43405,839,2,1,400,200,2
0,9332,5993.08,1502,19,1,3800,200,2
0,9333,20438.9,1502,19,1,3800,200,2
0,9339,64435.1,839,2,1,400,200,2
0,9341,13597.7,839,2,1,400,200,4
0,9344,77783.9,839,2,1,400,200,2
0,9356,281.511,839,2,1,400,200,12
0,9361,31411.3,839,2,1,400,200,6
0,9362,74603.7,1502,19,1,3800,200,2
0,9363,52271,1502,19,1,3800,200,4
0,9379,560.263,839,2,1,400,200,2
0,9392,14783.3,1502,19,1,3800,200,2
0,9399,117103,839,2,1,400,200,2
0,9407,41385.6,1502,19,1,3800,200,2
0,9411,159980,839,2,1,400,200,2
0,9415,359.813,839,2,1,400,200,6
0,9418,44605.9,839,2,1,400,200,2
0,9420,32052.1,1502,19,1,3800,200,2
0,9428,1048.67,839,2,1,400,200,2
0,9430,15522.5,1502,19,1,3800,200,2
0,9430,58613.4,839,2,1,400,200,2
0,9430,22064.7,1502,19,1,3800,200,2
0,9435,91.9282,839,2,1,400,200,2
0,9441,27368.9,839,2,1,400,200,6
0,9444,6807.56,1502,19,1,3800,200,2
0,9447,78530.2,839,2,1,400,200,2
0,9447,25758.3,1502,19,1,3800,200,2
0,9451,6504.36,1502,19,1,3800,200,2
0,9455,4893.21,839,2,1,400,200,2
0,12450,54645.9,839,2,1,400,200,4
0,12469,1350.2,839,2,1,400,200,4
0,12470,53412.8,1502,19,1,3800,200,2
0,12471,28821.8,1502,19,1,3800,200,6
0,12486,14652.2,1502,19,1,3800,200,2
0,12490,28656.4,839,2,1,400,200,2
0,12492,48062.2,839,2,1,400,200,4
0,12506,11914.7,839,2,1,400,200,2
0,12509,52337.3,1502,19,1,3800,200,6
0,12511,27482.3,839,2,1,400,200,2
0,12514,18427.5,839,2,1,400,200,2
0,12515,140387,1502,19,1,3800,200,2
0,12515,8811.44,839,2,1,400,200,2
0,12516,1369.94,839,2,1,400,200,2
0,12522,26846.2,1502,19,1,3800,200,2
0,12526,112900,839,2,1,400,200,4
0,12528,4766.75,1502,19,1,3800,200,2
0,12531,587.666,839,2,1,400,200,12
0,12531,509.632,839,2,1,400,200,8
0,12538,32644,839,2,1,400,200,2
0,12538,21609.9,839,2,1,400,200,2
0,12539,36470,1502,19,1,3800,200,2
0,12555,9852.62,839,2,1,400,200,2
0,12571,20296.4,1502,19,1,3800,200,2
0,12591,1412.92,839,2,1,400,200,2
0,12596,1276.81,839,2,1,400,200,2
0,12605,72724.2,839,2,1,400,200,2
0,16434,478.518,839,2,1,400,200,2
0,16449,76301.6,839,2,1,400,200,8
0,16451,22858.1,1502,19,1,3800,200,4
0,16458,1028.87,839,2,1,400,200,8
0,16478,21547.5,1502,19,1,3800,200,2
0,16479,26619,839,2,1,400,200,2
0,16482,554.974,839,2,1,400,200,8
0,16486,1052.76,839,2,1,400,200,2
0,16489,64152.2,1502,19,1,3800,200,2
0,16492,6574.9,1502,19,1,3800,200,4
0,16520,46291.3,839,2,1,400,200,2
0,16523,33585.7,1502,19,1,3800,200,4
0,16526,1312.99,839,2,1,400,200,8
0,16527,12041.4,1502,19,1,3800,200,2
0,16531,19888.8,839,2,1,400,200,2
0,16538,44597.8,839,2,1,400,200,6
0,16539,3621.27,839,2,1,400,200,2
0,16539,1613.28,1502,19,1,3800,200,2
0,16540,14892.3,1502,19,1,3800,200,2
0,16543,28285.7,839,2,1,400,200,4
0,16546,132125,1502,19,1,3800,200,4
0,16557,122132,1502,19,1,3800,200,2
0,16558,21647.3,839,2,1,400,200,4
0,16559,78142.2,1502,19,1,3800,200,2
0,16564,25069.7,839,2,1,400,200,2
0,16575,17359.4,1502,19,1,3800,200,2
0,16589,47707.6,1502,19,1,3800,200,2
0,19595,48538.9,839,2,1,400,200,4
0,19608,67942.4,1502,19,1,3800,200,2
0,19618,42043.8,1502,19,1,3800,200,4
0,19618,17562.7,839,2,1,400,200,8
0,19650,81173.4,839,2,1,400,200,2
0,19660,11973.9,1502,19,1,3800,200,2
0,19668,160634,1502,19,1,3800,200,2
0,19689,80009.8,839,2,1,400,200,2
0,19693,25218.3,1502,19,1,3800,200,4
0,19696,132677,1502,19,1,3800,200,2
0,19698,52460.1,1502,19,1,3800,200,4
0,19701,91396.7,839,2,1,400,200,2
0,19709,6841.58,1502,19,1,3800,200,4
0,19712,44803.7,1502,19,1,3800,200,4
0,19714,58302.3,1502,19,1,3800,200,2
0,19727,1265.55,839,2,1,400,200,2
0,19740,20229.6,1502,19,1,3800,200,2
0,19744,414.761,839,2,1,400,200,6
0,19746,717.417,839,2,1,400,200,12
0,23074,3496.42,839,2,1,400,200,2
0,23079,20659.6,839,2,1,400,200,2
0,23095,473.197,839,2,1,400,200,2
0,23101,771.461,839,2,1,400,200,2
0,23105,54119.7,839,2,1,400,200,2
0,23121,480.77,839,2,1,400,200,20
0,23131,56836.7,839,2,1,400,200,6
0,23133,65560,839,2,1,400,200,4
0,23145,71431.7,1502,19,1,3800,200,2
0,23148,11817.1,1502,19,1,3800,200,4
0,23148,95664.4,1502,19,1,3800,200,2
0,23164,3603.02,1502,19,1,3800,200,2
0,23168,64658.3,1502,19,1,3800,200,2
0,23169,16585.1,1502,19,1,3800,200,6
0,23179,97270.1,1502,19,1,3800,200,2
0,23182,807.537,839,2,1,400,200,8
0,23183,58562,839,2,1,400,200,2
0,23209,70424,1502,19,1,3800,200,2
0,23215,24578.7,1502,19,1,3800,200,4
0,23220,29059.7,1502,19,1,3800,200,4
0,23239,354.315,839,2,1,400,200,2
0,26400,37422.2,1502,19,1,3800,200,2
0,26404,103064,1502,19,1,3800,200,2
0,26414,11024,1502,19,1,3800,200,2
0,26419,3634.02,839,2,1,400,200,6
0,26442,132807,1502,19,1,3800,200,2
0,26470,4424.72,1502,19,1,3800,200,4
0,26472,27024.2,839,2,1,400,200,2
0,26481,2143.89,1502,19,1,3800,200,2
0,26487,11228,839,2,1,400,200,2
0,26489,10119,839,2,1,400,200,4
0,26501,40159.6,1502,19,1,3800,200,2
0,26502,114576,1502,19,1,3800,200,2
0,26510,29136.8,1502,19,1,3800,200,2
0,26518,164246,1502,19,1,3800,200,2
0,26525,6352.64,1502,19,1,3800,200,4
0,26534,2246.53,839,2,1,400,200,8
0,26537,8116.64,1502,19,1,3800,200,2
0,26537,13531.9,839,2,1,400,200,6
0,26538,89157.1,1502,19,1,3800,200,2
0,26543,70704.7,839,2,1,400,200,4
0,26543,15676,1502,19,1,3800,200,2
0,3157,60301.1,839,2,1,400,200,2
0,3161,1198.28,839,2,1,400,200,2
0,3165,4499.07,1502,19,1,3800,200,2
0,3180,45612.2,1502,19,1,3800,200,2
0,3182,2355.26,839,2,1,400,200,2
0,3189,124327,839,2,1,400,200,2
0,3193,44562.4,1502,19,1,3800,200,2
0,3194,145616,1502,19,1,3800,200,4
0,3199,100111,839,2,1,400,200,2
0,3204,109809,839,2,1,400,200,4
0,3210,152042,1502,19,1,3800,200,2
0,3212,32370.8,1502,19,1,3800,200,2
0,3235,545.938,839,2,1,400,200,2
0,3245,35374.6,1502,19,1,3800,200,2
0,3262,86405.3,839,2,1,400,200,4
0,3268,2092.68,1502,19,1,3800,200,2
0,3268,94201,839,2,1,400,200,2
0,3269,135470,839,2,1,400,200,4
0,3276,17822.6,839,2,1,400,200,2
0,3278,72685.8,839,2,1,400,200,4
0,3296,74918.4,839,2,1,400,200,2
0,3308,51120.2,1502,19,1,3800,200,2
0,3308,37285,1502,19,1,3800,200,2
0,3312,5793.68,839,2,1,400,200,2
0,3318,1003.43,839,2,1,400,200,2
0,4488,51166.5,1502,19,1,3800,200,2
0,4528,4321.58,839,2,1,400,200,2
0,4550,17322,1502,19,1,3800,200,4
0,4552,9532.37,839,2,1,400,200,2
0,4565,375.169,839,2,1,400,200,2
0,4577,61861.4,839,2,1,400,200,2
0,4584,427.9,839,2,1,400,200,8
0,4591,33384.9,839,2,1,400,200,4
0,4601,9094.72,839,2,1,400,200,4
0,4613,140964,839,2,1,400,200,4
0,4620,471.79,839,2,1,400,200,2
0,4629,64375.4,839,2,1,400,200,2
0,4634,9844.24,1502,19,1,3800,200,2
0,4634,147849,839,2,1,400,200,2
0,7802,16788.7,1502,19,1,3800,200,2
0,7804,50402.9,1502,19,1,3800,200,4
0,7804,90942,839,2,1,400,200,2
0,7807,79086.8,1502,19,1,3800,200,2
0,7809,58152.4,1502,19,1,3800,200,4
0,7812,5461.87,839,2,1,400,200,2
0,7816,28844,1502,19,1,3800,200,2
0,7825,3704.09,1502,19,1,3800,200,2
0,7825,63616.8,839,2,1,400,200,4
0,7831,8951.51,1502,19,1,3800,200,2
0,7839,2958.21,839,2,1,400,200,4
0,7847,15746.1,1502,19,1,3800,200,4
0,7861,273.953,839,2,1,400,200,2
0,7863,2951.52,839,2,1,400,200,2
0,7890,56970.5,1502,19,1,3800,200,4
0,7897,52258.8,839,2,1,400,200,4
0,7900,247.039,839,2,1,400,200,6
0,7905,52786.7,1502,19,1,3800,200,6
0,7916,76256.4,1502,19,1,3800,200,4
0,7922,224.332,839,2,1,400,200,6
0,7923,25947.7,839,2,1,400,200,6
0,7929,23696.4,1502,19,1,3800,200,4
0,7930,6959.02,1502,19,1,3800,200,2
0,7931,14808.9,1502,19,1,3800,200,2
0,7931,79169.7,839,2,1,400,200,2
0,7933,145579,1502,19,1,3800,200,4
0,7952,53397.7,839,2,1,400,200,2
0,7952,5158.43,1502,19,1,3800,200,2
0,10962,6642.34,1502,19,1,3800,200,2
0,10973,21007.9,839,2,1,400,200,4
0,10980,16142.3,839,2,1,400,200,2
0,10988,8689.32,1502,19,1,3800,200,4
0,10988,1769.47,839,2,1,400,200,2
0,10990,110471,1502,19,1,3800,200,2
0,10995,34579.6,839,2,1,400,200,4
0,11013,136319,839,2,1,400,200,2
0,11016,11457.7,1502,19,1,3800,200,2
0,11017,25769.7,1502,19,1,3800,200,2
0,11018,947.994,839,2,1,400,200,10
0,11028,76358.2,839,2,1,400,200,2
0,11029,1039.12,839,2,1,400,200,4
0,11029,20160.2,839,2,1,400,200,4
0,11035,124560,839,2,1,400,200,2
0,11044,38666.3,839,2,1,400,200,2
0,11050,17260.6,839,2,1,400,200,4
0,11052,2734.72,839,2,1,400,200,2
0,11056,18503,839,2,1,400,200,4
0,11056,8260.48,1502,19,1,3800,200,2
0,11068,1065.43,839,2,1,400,200,6
0,11070,9094.68,839,2,1,400,200,4
0,11077,55737.7,839,2,1,400,200,2
0,11089,43415.1,839,2,1,400,200,2
0,11105,120713,1502,19,1,3800,200,2
0,11106,11455,839,2,1,400,200,2
0,11117,423.075,839,2,1,400,200,8
0,13779,220.693,839,2,1,400,200,6
0,13784,1067.77,1502,19,1,3800,200,2
0,13786,24068.7,839,2,1,400,200,4
0,13787,156204,1502,19,1,3800,200,2
0,13790,39010.1,839,2,1,400,200,2
0,13792,11081.7,1502,19,1,3800,200,2
0,13793,14114.3,839,2,1,400,200,2
0,13801,12724.1,1502,19,1,3800,200,2
0,13813,147126,839,2,1,400,200,2
0,13822,28186.7,1502,19,1,3800,200,2
0,13824,34872.2,1502,19,1,3800,200,2
0,13834,6684.61,1502,19,1,3800,200,2
0,13837,19711.8,1502,19,1,3800,200,4
0,13852,2617.98,839,2,1,400,200,18
0,13859,61041.8,839,2,1,400,200,2
0,13860,4689.03,839,2,1,400,200,4
0,13862,65986.1,1502,19,1,3800,200,8
0,13865,8970.68,839,2,1,400,200,2
0,13878,17946.5,1502,19,1,3800,200,4
0,13883,31826.7,1502,19,1,3800,200,2
0,13884,50470.3,1502,19,1,3800,200,2
0,13886,8817.52,1502,19,1,3800,200,2
0,13894,51646.8,839,2,1,400,200,2
0,13895,17357.8,839,2,1,400,200,2
0,13903,13248.5,1502,19,1,3800,200,2
0,13907,38542.7,839,2,1,400,200,2
0,13911,50591.8,1502,19,1,3800,200,4
0,13915,12372.5,839,2,1,400,200,4
0,13919,33566.5,1502,19,1,3800,200,2
0,13935,70228.1,839,2,1,400,200,4
0,13935,13835.6,839,2,1,400,200,4
0,17101,16230.2,1502,19,1,3800,200,6
0,17109,10355.6,1502,19,1,3800,200,2
0,17116,61916.8,839,2,1,400,200,2
0,17124,50964.8,839,2,1,400,200,4
0,17133,19840,1502,19,1,3800,200,4
0,17149,9999.04,1502,19,1,3800,200,4
0,17153,39429.1,1502,19,1,3800,200,4
0,17155,25738.6,1502,19,1,3800,200,2
0,17160,38334.6,1502,19,1,3800,200,2
0,17187,59355.9,1502,19,1,3800,200,4
0,17207,36205.3,839,2,1,400,200,4
0,17216,54196.2,839,2,1,400,200,2
0,17219,17526.3,1502,19,1,3800,200,2
0,17224,15600.7,1502,19,1,3800,200,2
0,17226,22565,839,2,1,400,200,6
0,17231,33280.5,839,2,1,400,200,2
0,17242,35396.8,839,2,1,400,200,2
0,17244,3388.37,1502,19,1,3800,200,2
0,17246,194863,839,2,1,400,200,4
0,17247,5267.07,1502,19,1,3800,200,2
0,17251,76655.1,1502,19,1,3800,200,2
0,17254,65856.8,839,2,1,400,200,4
0,17258,13736.3,839,2,1,400,200,2
0,20585,521.414,839,2,1,400,200,2
0,20586,570.591,839,2,1,400,200,8
0,20590,9865.02,1502,19,1,3800,200,2
0,20593,14437.6,839,2,1,400,200,4
0,20601,33891.8,1502,19,1,3800,200,2
0,20601,34754.4,1502,19,1,3800,200,2
0,20626,42349.1,1502,19,1,3800,200,2
0,20627,35493.3,1502,19,1,3800,200,4
0,20631,489.291,839,2,1,400,200,4
0,20645,78894.5,839,2,1,400,200,2
0,20652,96971.3,1502,19,1,3800,200,2
0,20657,25182.9,839,2,1,400,200,4
0,20673,2417.07,839,2,1,400,200,2
0,20687,993.864,839,2,1,400,200,2
0,20705,384.847,839,2,1,400,200,4
0,20731,108583,1502,19,1,3800,200,2
0,24246,1197.06,839,2,1,400,200,2
0,24252,15980.8,1502,19,1,3800,200,2
0,24260,12408.3,1502,19,1,3800,200,4
0,24263,45924.6,1502,19,1,3800,200,2
0,24263,73302.9,839,2,1,400,200,2
0,24266,80890.4,839,2,1,400,200,2
0,24270,8660.25,1502,19,1,3800,200,4
0,24276,10577.6,839,2,1,400,200,2
0,24290,27216.5,839,2,1,400,200,6
0,24300,7016.78,839,2,1,400,200,6
0,24303,70144,839,2,1,400,200,4
0,24306,36287,1502,19,1,3800,200,4
0,24309,1021.85,839,2,1,400,200,2
0,24313,32511.4,1502,19,1,3800,200,6
0,24322,24539.4,1502,19,1,3800,200,2
0,24344,666.714,839,2,1,400,200,8
0,24346,52454.4,839,2,1,400,200,4
0,24358,307.739,839,2,1,400,200,8
0,24358,1717.06,839,2,1,400,200,2
0,24359,774.455,839,2,1,400,200,2
0,24365,27520.1,839,2,1,400,200,2
0,24366,857.574,839,2,1,400,200,4
0,24375,8085.55,839,2,1,400,200,2
0,24384,1120.6,839,2,1,400,200,2
0,24387,15403.3,839,2,1,400,200,2
0,27733,122001,839,2,1,400,200,4
0,27736,113492,1502,19,1,3800,200,2
0,27744,13491.4,1502,19,1,3800,200,4
0,27748,35226.5,1502,19,1,3800,200,2
0,996,57398.7,839,2,1,400,200,4
0,1003,63059.7,839,2,1,400,200,2
0,1005,26970,1502,19,1,3800,200,2
0,1018,77165.5,1502,19,1,3800,200,6
0,1019,26092.7,1502,19,1,3800,200,4
0,1020,19001.3,1502,19,1,3800,200,2
0,1028,14628.7,1502,19,1,3800,200,4
0,1029,37129.6,839,2,1,400,200,2
0,1030,10338.9,839,2,1,400,200,2
0,1039,25625.9,839,2,1,400,200,2
0,1040,80713.8,1502,19,1,3800,200,4
0,1043,19224,839,2,1,400,200,4
0,1049,50605.9,1502,19,1,3800,200,2
0,1053,6212.56,839,2,1,400,200,2
0,1054,7546.78,839,2,1,400,200,2
0,1056,2709.8,839,2,1,400,200,4
0,1059,83852,839,2,1,400,200,2
0,1063,9725.85,1502,19,1,3800,200,2
0,1071,9519.99,1502,19,1,3800,200,4
0,1072,2046.09,839,2,1,400,200,4
0,1099,98.8715,839,2,1,400,200,2
0,1099,105590,839,2,1,400,200,2
0,1100,58406.1,1502,19,1,3800,200,2
0,1100,2575.37,839,2,1,400,200,2
0,1109,22131.6,1502,19,1,3800,200,2
0,1120,17888.4,1502,19,1,3800,200,2
0,1121,154190,839,2,1,400,200,2
0,1147,68862.3,839,2,1,400,200,4
0,1160,3867.36,1502,19,1,3800,200,4
0,4333,15498.6,839,2,1,400,200,2
0,4340,18038.2,839,2,1,400,200,2
0,4343,1070.01,839,2,1,400,200,4
0,4347,20245.6,1502,19,1,3800,200,2
0,4373,10094.5,1502,19,1,3800,200,2
0,4379,3479.29,839,2,1,400,200,2
0,4381,1422.51,839,2,1,400,200,2
0,4383,161857,1502,19,1,3800,200,2
0,4384,31708.6,839,2,1,400,200,4
0,4384,116025,1502,19,1,3800,200,2
0,4408,20777.9,839,2,1,400,200,2
0,4418,2175.57,1502,19,1,3800,200,2
0,4429,5644.93,1502,19,1,3800,200,2
0,4429,56524.1,839,2,1,400,200,4
0,4435,123046,1502,19,1,3800,200,2
0,4435,24663.8,839,2,1,400,200,2
0,4440,24065.5,1502,19,1,3800,200,2
0,4445,45617.5,839,2,1,400,200,2
0,4448,29351.4,839,2,1,400,200,4
0,4451,35058,1502,19,1,3800,200,4
0,4454,197.663,839,2,1,400,200,14
0,4460,1168.34,839,2,1,400,200,8
0,4464,18817.2,1502,19,1,3800,200,4
0,4466,58670.4,1502,19,1,3800,200,2
0,4466,58852.8,1502,19,1,3800,200,2
0,7139,1996.38,839,2,1,400,200,10
0,7140,20040.6,839,2,1,400,200,2
0,7147,109136,839,2,1,400,200,6
0,7148,17917.4,1502,19,1,3800,200,4
0,7152,61768.3,1502,19,1,3800,200,2
0,7165,53856.4,1502,19,1,3800,200,2
0,7168,140158,1502,19,1,3800,200,2
0,7171,95736.3,1502,19,1,3800,200,4
0,7184,656.667,839,2,1,400,200,4
0,7184,39068.2,1502,19,1,3800,200,2
0,7192,22212.4,839,2,1,400,200,4
0,7203,8989.03,839,2,1,400,200,6
0,7210,28210.2,839,2,1,400,200,4
0,7212,58812.5,839,2,1,400,200,2
0,7216,60068.4,1502,19,1,3800,200,2
0,7233,129553,839,2,1,400,200,2
0,7234,58080.6,839,2,1,400,200,2
0,7245,62202.7,839,2,1,400,200,4
0,7267,214.469,839,2,1,400,200,4
0,7271,12132.8,839,2,1,400,200,2
0,7279,118099,1502,19,1,3800,200,2
0,7297,25063.3,839,2,1,400,200,6
0,7298,45820.9,1502,19,1,3800,200,4
0,11620,106062,1502,19,1,3800,200,2
0,11640,561.079,839,2,1,400,200,6
0,11648,1398.02,839,2,1,400,200,4
0,11648,122941,839,2,1,400,200,2
0,11659,142126,1502,19,1,3800,200,6
0,11679,803.441,839,2,1,400,200,2
0,11679,27835.7,839,2,1,400,200,2
0,11682,72703.9,1502,19,1,3800,200,2
0,11683,52294.2,839,2,1,400,200,6
0,11687,20321,839,2,1,400,200,4
0,11689,9135.19,839,2,1,400,200,6
0,11701,32141.4,839,2,1,400,200,6
0,11701,1237.04,839,2,1,400,200,8
0,11709,61245.1,1502,19,1,3800,200,2
0,11711,7708.27,1502,19,1,3800,200,2
0,11713,48251.8,839,2,1,400,200,2
0,11727,58556.2,839,2,1,400,200,4
0,11728,56930.8,839,2,1,400,200,4
0,11730,69994.3,1502,19,1,3800,200,4
0,11742,79786.2,839,2,1,400,200,6
0,11748,27804.7,1502,19,1,3800,200,2
0,11748,60053.3,1502,19,1,3800,200,4
0,11749,114.685,839,2,1,400,200,6
0,11760,6241.49,839,2,1,400,200,2
0,11766,31966.5,1502,19,1,3800,200,2
0,11766,91319,1502,19,1,3800,200,2
0,15438,18916.2,1502,19,1,3800,200,2
0,15453,77305,839,2,1,400,200,2
0,15454,27645.9,1502,19,1,3800,200,2
0,15467,65720.6,1502,19,1,3800,200,4
0,15507,124240,839,2,1,400,200,2
0,15512,127729,1502,19,1,3800,200,2
0,15517,420.711,839,2,1,400,200,12
0,15528,34252.3,1502,19,1,3800,200,2
0,15531,62096.4,1502,19,1,3800,200,2
0,15539,5864.81,1502,19,1,3800,200,2
0,15539,25011.9,839,2,1,400,200,2
0,15557,22339.8,1502,19,1,3800,200,4
0,15557,7653.51,1502,19,1,3800,200,6
0,15567,66668,1502,19,1,3800,200,4
0,15579,76081,839,2,1,400,200,4
0,15585,70926,1502,19,1,3800,200,2
0,15588,3554.62,839,2,1,400,200,2
0,18951,24584.9,839,2,1,400,200,2
0,18954,74772.9,839,2,1,400,200,2
0,18969,8371.81,839,2,1,400,200,2
0,18969,120757,1502,19,1,3800,200,2
0,18981,401.87,839,2,1,400,200,4
0,18999,597.258,839,2,1,400,200,14
0,19010,18668.3,1502,19,1,3800,200,2
0,19012,2375.15,839,2,1,400,200,4
0,19017,37889.9,839,2,1,400,200,2
0,19036,34567.8,1502,19,1,3800,200,4
0,19038,112861,1502,19,1,3800,200,4
0,19042,20806.6,1502,19,1,3800,200,8
0,19055,175869,839,2,1,400,200,2
0,19059,114.1,839,2,1,400,200,12
0,19071,9969.15,1502,19,1,3800,200,6
0,19084,20534.7,1502,19,1,3800,200,2
0,22248,34385.1,1502,19,1,3800,200,6
0,22249,12054.4,839,2,1,400,200,2
0,22253,18103.1,839,2,1,400,200,2
0,22256,87484.6,839,2,1,400,200,2
0,22270,98702.6,839,2,1,400,200,4
0,22275,117817,839,2,1,400,200,2
0,22279,16577.2,839,2,1,400,200,2
0,22280,6782.43,1502,19,1,3800,200,2
0,22282,5300.23,839,2,1,400,200,2
0,22283,135317,839,2,1,400,200,2
0,22285,18079.8,1502,19,1,3800,200,4
0,22289,138.517,839,2,1,400,200,6
0,22290,30302.1,839,2,1,400,200,2
0,22296,2172.41,839,2,1,400,200,2
0,22306,73437.3,1502,19,1,3800,200,4
0,22310,164346,839,2,1,400,200,2
0,22316,25214.2,839,2,1,400,200,2
0,22316,37885.9,1502,19,1,3800,200,2
0,22322,2763.28,839,2,1,400,200,2
0,22339,35348.1,839,2,1,400,200,4
0,22339,34363.1,1502,19,1,3800,200,2
0,22346,39983.1,1502,19,1,3800,200,2
0,22347,31417.7,1502,19,1,3800,200,4
0,22350,632.221,839,2,1,400,200,12
0,22351,177972,1502,19,1,3800,200,8
0,22368,11328.1,1502,19,1,3800,200,6
0,22383,34316.3,1502,19,1,3800,200,2
0,22388,2699.07,839,2,1,400,200,6
0,24740,527.719,839,2,1,400,200,2
0,24747,2722.42,839,2,1,400,200,4
0,24757,20846.9,839,2,1,400,200,8
0,24762,26842.6,1502,19,1,3800,200,4
0,24777,384.412,839,2,1,400,200,12
0,24778,42119.9,1502,19,1,3800,200,2
0,24789,112456,839,2,1,400,200,4
0,24797,17371.4,839,2,1,400,200,2
0,24804,769.479,839,2,1,400,200,2
0,24805,8250.13,839,2,1,400,200,4
0,24817,24141.1,1502,19,1,3800,200,2
0,24818,5321.03,839,2,1,400,200,4
0,24818,26632.2,839,2,1,400,200,2
0,24821,69337.8,1502,19,1,3800,200,6
0,24831,4878.57,1502,19,1,3800,200,2
0,24835,20652.4,1502,19,1,3800,200,2
0,24848,63697.4,1502,19,1,3800,200,2
0,24849,2779.08,1502,19,1,3800,200,4
0,24854,7281.17,1502,19,1,3800,200,2
0,24861,44389.4,839,2,1,400,200,2
0,24864,44862.3,839,2,1,400,200,2
0,24871,59945.7,1502,19,1,3800,200,2
0,24872,67237.3,1502,19,1,3800,200,2
0,24874,35799.6,839,2,1,400,200,2
0,24876,60819.2,839,2,1,400,200,2
0,24891,8607.78,839,2,1,400,200,2
0,24896,1103.67,839,2,1,400,200,4
0,27400,15118.4,839,2,1,400,200,2
0,27400,38020.4,839,2,1,400,200,4
0,27405,45604.2,1502,19,1,3800,200,2
0,27418,24143.2,1502,19,1,3800,200,6
0,27426,9111.49,839,2,1,400,200,2
0,27433,77379.4,1502,19,1,3800,200,4
0,27442,42768.5,839,2,1,400,200,6
0,27453,38738,839,2,1,400,200,2
0,27456,1978,839,2,1,400,200,6
0,27457,28582.6,1502,19,1,3800,200,2
0,27461,27811.4,839,2,1,400,200,2
0,27461,27795.6,1502,19,1,3800,200,2
0,27478,124629,1502,19,1,3800,200,4
0,27480,32522.8,1502,19,1,3800,200,2
0,27486,201743,839,2,1,400,200,2
0,27504,6860.34,1502,19,1,3800,200,2
0,27510,41749.1,839,2,1,400,200,2
0,27513,61653,1502,19,1,3800,200,4
0,27520,183160,1502,19,1,3800,200,2
0,27521,73955.1,839,2,1,400,200,4
0,27531,12645,1502,19,1,3800,200,2
0,27536,62583.8,839,2,1,400,200,2
0,27536,16044.8,839,2,1,400,200,2
0,27539,4276.76,1502,19,1,3800,200,2
0,27549,14465.5,839,2,1,400,200,2
0,27549,61509.3,1502,19,1,3800,200,4
0,27549,40620.7,1502,19,1,3800,200,4
0,1827,1649.41,839,2,1,400,200,2
0,1832,2402.89,1502,19,1,3800,200,4
0,1834,27246.7,1502,19,1,3800,200,4
0,1836,55926.3,839,2,1,400,200,2
0,1841,20646.3,1502,19,1,3800,200,2
0,1847,4357.26,1502,19,1,3800,200,4
0,1849,13879.4,1502,19,1,3800,200,4
0,1860,20151.3,839,2,1,400,200,2
0,1877,12788.3,1502,19,1,3800,200,2
0,1880,2001.88,1502,19,1,3800,200,10
0,1886,9706.25,839,2,1,400,200,2
0,1890,998.731,839,2,1,400,200,2
0,1892,73146.2,1502,19,1,3800,200,2
0,1895,30932.9,839,2,1,400,200,2
0,1899,75935.6,1502,19,1,3800,200,2
0,1902,16766.6,1502,19,1,3800,200,2
0,1903,14676.5,1502,19,1,3800,200,2
0,1905,58382.7,1502,19,1,3800,200,2
0,1906,48509.3,1502,19,1,3800,200,6
0,1909,71865.4,1502,19,1,3800,200,2
0,1911,49354.4,1502,19,1,3800,200,6
0,1917,47772.5,839,2,1,400,200,2
0,1924,20307.7,1502,19,1,3800,200,2
0,1943,241.014,839,2,1,400,200,8
0,1955,17328.1,1502,19,1,3800,200,2
0,1972,939.482,839,2,1,400,200,6
0,1980,48340.9,839,2,1,400,200,2
0,1988,47905.2,1502,19,1,3800,200,2
0,5646,55385.9,839,2,1,400,200,4
0,5648,37709.5,1502,19,1,3800,200,4
0,5651,10239.6,839,2,1,400,200,2
0,5654,38335.7,839,2,1,400,200,2
0,5672,536.685,839,2,1,400,200,18
0,5673,41497.7,839,2,1,400,200,2
0,5681,112795,839,2,1,400,200,2
0,5694,764.072,839,2,1,400,200,4
0,5697,24898.8,839,2,1,400,200,4
0,5704,13223.5,1502,19,1,3800,200,4
0,5705,95157.2,1502,19,1,3800,200,4
0,5707,13113.7,1502,19,1,3800,200,2
0,5718,1279.46,839,2,1,400,200,2
0,5734,30387,839,2,1,400,200,2
0,5752,71971.1,839,2,1,400,200,2
0,5758,42998.7,1502,19,1,3800,200,2
0,5761,16809.8,1502,19,1,3800,200,6
0,5770,29848.8,839,2,1,400,200,2
0,5783,63942.3,839,2,1,400,200,2
0,5784,31191.8,839,2,1,400,200,8
0,5792,1505.08,839,2,1,400,200,2
0,5794,13729.6,839,2,1,400,200,4
0,5798,18259.4,1502,19,1,3800,200,4
0,7642,47042.3,839,2,1,400,200,2
0,7650,123256,839,2,1,400,200,8
0,7660,18393.5,839,2,1,400,200,6
0,7665,40945,839,2,1,400,200,4
0,7673,424.57,839,2,1,400,200,2
0,7678,50931.2,839,2,1,400,200,4
0,7690,70768.4,1502,19,1,3800,200,2
0,7708,14383.1,1502,19,1,3800,200,2
0,7709,51256.9,839,2,1,400,200,2
0,7709,31161.8,1502,19,1,3800,200,4
0,7710,18668.4,839,2,1,400,200,2
0,7722,36807.4,1502,19,1,3800,200,2
0,7728,14897.5,839,2,1,400,200,2
0,7749,37599.1,839,2,1,400,200,2
0,7751,25759.9,1502,19,1,3800,200,2
0,7756,1388.92,839,2,1,400,200,2
0,7763,24087.8,839,2,1,400,200,2
0,7763,2194.81,839,2,1,400,200,2
0,7766,73703.7,1502,19,1,3800,200,4
0,7766,643.214,839,2,1,400,200,16
0,7785,38858.6,1502,19,1,3800,200,2
0,7790,33819.7,1502,19,1,3800,200,2
0,7794,262.313,839,2,1,400,200,6
0,10298,17656.5,839,2,1,400,200,4
0,10307,15730.5,1502,19,1,3800,200,2
0,10312,89417.1,839,2,1,400,200,2
0,10316,37485,1502,19,1,3800,200,2
0,10317,80195.3,839,2,1,400,200,2
0,10323,57573.3,1502,19,1,3800,200,2
0,10331,12477.7,1502,19,1,3800,200,4
0,10338,23507.6,839,2,1,400,200,2
0,10341,50398,1502,19,1,3800,200,2
0,10343,165.347,839,2,1,400,200,10
0,10344,74132.1,1502,19,1,3800,200,4
0,10352,1123.45,839,2,1,400,200,2
0,10371,33367.4,1502,19,1,3800,200,2
0,10372,32132.5,1502,19,1,3800,200,4
0,10383,4379.51,839,2,1,400,200,2
0,10384,4472.16,839,2,1,400,200,2
0,10404,860.838,839,2,1,400,200,4
0,10420,38471.1,839,2,1,400,200,2
0,10421,56401.5,839,2,1,400,200,8
0,10427,7308.65,839,2,1,400,200,2
0,10437,787.458,839,2,1,400,200,2
0,10439,12414.6,839,2,1,400,200,2
0,10444,20014.2,1502,19,1,3800,200,4
0,10448,25964.7,1502,19,1,3800,200,2
0,10453,21831.2,1502,19,1,3800,200,2
0,13613,3100.35,839,2,1,400,200,2
0,13617,1266.02,839,2,1,400,200,6
0,13627,87072.2,839,2,1,400,200,2
0,13640,1338.7,839,2,1,400,200,2
0,13665,15426.4,1502,19,1,3800,200,2
0,13667,21408.3,1502,19,1,3800,200,2
0,13686,79008.6,1502,19,1,3800,200,2
0,13692,3429.41,1502,19,1,3800,200,2
0,13726,52967.5,1502,19,1,3800,200,2
0,13726,99831.4,839,2,1,400,200,2
0,13727,161478,1502,19,1,3800,200,2
0,13740,559.525,839,2,1,400,200,4
0,13743,63738.8,1502,19,1,3800,200,4
0,13745,25790.2,1502,19,1,3800,200,2
0,13747,54059.7,839,2,1,400,200,2
0,13755,5808.92,839,2,1,400,200,4
0,13770,13205.6,1502,19,1,3800,200,4
0,13776,11871.9,1502,19,1,3800,200,2
0,16600,80366.4,1502,19,1,3800,200,4
0,16608,69402.2,839,2,1,400,200,2
0,16615,437.123,839,2,1,400,200,2
0,16637,22169,1502,19,1,3800,200,2
0,16650,13841.5,839,2,1,400,200,2
0,16651,23539.4,839,2,1,400,200,2
0,16659,7996.8,839,2,1,400,200,4
0,16667,83793,1502,19,1,3800,200,4
0,16674,60572.1,1502,19,1,3800,200,2
0,16697,32715.1,1502,19,1,3800,200,2
0,16714,27711.1,1502,19,1,3800,200,2
0,16715,80891.7,1502,19,1,3800,200,6
0,16718,896.019,1502,19,1,3800,200,2
0,16720,3070.29,839,2,1,400,200,2
0,16730,36441.6,839,2,1,400,200,2
0,16730,67954.8,1502,19,1,3800,200,2
0,16760,29207,1502,19,1,3800,200,2
0,16764,96263.1,1502,19,1,3800,200,2
0,19954,46178.5,839,2,1,400,200,4
0,19965,54782.4,1502,19,1,3800,200,2
0,19980,97891.4,839,2,1,400,200,2
0,19981,11158.9,1502,19,1,3800,200,4
0,19998,141.207,839,2,1,400,200,4
0,20001,52245.7,839,2,1,400,200,4
0,20009,6212.77,1502,19,1,3800,200,2
0,20011,94769.7,1502,19,1,3800,200,2
0,20017,10574.7,1502,19,1,3800,200,2
0,20019,22952.5,1502,19,1,3800,200,2
0,20025,63466.5,839,2,1,400,200,2
0,20026,52623.8,1502,19,1,3800,200,2
0,20029,10970.9,839,2,1,400,200,2
0,20036,33386.1,839,2,1,400,200,4
0,20040,1506.2,1502,19,1,3800,200,2
0,20049,4778.85,1502,19,1,3800,200,2
0,20053,20264,839,2,1,400,200,2
0,20054,62105.7,1502,19,1,3800,200,2
0,20054,81331.7,839,2,1,400,200,4
0,20063,63877.4,839,2,1,400,200,8
0,20076,1037.36,839,2,1,400,200,2
0,20079,82648.3,839,2,1,400,200,4
0,23574,30770,839,2,1,400,200,2
0,23579,138271,839,2,1,400,200,4
0,23587,63311.1,839,2,1,400,200,2
0,23594,36936.2,1502,19,1,3800,200,2
0,23599,35088.5,839,2,1,400,200,2
0,23601,187.608,839,2,1,400,200,18
0,23613,20599.4,839,2,1,400,200,2
0,23619,35787.9,1502,19,1,3800,200,4
0,23620,199.955,839,2,1,400,200,14
0,23628,179767,1502,19,1,3800,200,2
0,23637,59176,1502,19,1,3800,200,2
0,23638,36094.5,1502,19,1,3800,200,4
0,23643,82043.1,839,2,1,400,200,2
0,23661,56243.5,1502,19,1,3800,200,4
0,23675,4334.55,1502,19,1,3800,200,4
0,23680,35144.5,1502,19,1,3800,200,2
0,23683,75309.2,839,2,1,400,200,6
0,23684,6081.66,1502,19,1,3800,200,6
0,23689,32280.9,839,2,1,400,200,4
0,23701,67296.6,1502,19,1,3800,200,2
0,23727,44956.4,1502,19,1,3800,200,2
0,23737,5374.42,1502,19,1,3800,200,6
0,23737,32148.9,1502,19,1,3800,200,2
0,26727,106798,1502,19,1,3800,200,2
0,26728,61765.4,1502,19,1,3800,200,2
0,26728,15534.1,839,2,1,400,200,2
0,26755,46301.2,1502,19,1,3800,200,4
0,26762,92620.2,1502,19,1,3800,200,4
0,26766,13880.1,1502,19,1,3800,200,6
0,26776,19279.9,839,2,1,400,200,4
0,26778,71638.3,1502,19,1,3800,200,6
0,26780,3651.36,839,2,1,400,200,2
0,26785,422.03,839,2,1,400,200,6
0,26788,34436.6,1502,19,1,3800,200,2
0,26790,47966.2,1502,19,1,3800,200,2
0,26795,16837.6,1502,19,1,3800,200,2
0,26805,20582.1,839,2,1,400,200,2
0,26812,204446,839,2,1,400,200,2
0,26813,142731,839,2,1,400,200,2
0,26824,18849.9,1502,19,1,3800,200,2
0,26827,487.738,839,2,1,400,200,2
0,26835,506.674,839,2,1,400,200,2
0,26836,156.856,839,2,1,400,200,2
0,26838,34025.7,839,2,1,400,200,2
0,26838,22038.3,1502,19,1,3800,200,4
0,26843,72204.4,1502,19,1,3800,200,2
0,26854,51844.7,1502,19,1,3800,200,2
0,26857,20924,1502,19,1,3800,200,2
0,26861,59310.7,1502,19,1,3800,200,2
0,26866,14294.1,839,2,1,400,200,2
0,26877,81495.9,1502,19,1,3800,200,2
0,26888,10560.5,839,2,1,400,200,2
0,26890,987.72,839,2,1,400,200,8
0,1495,803.01,839,2,1,400,200,2
0,1512,410.039,839,2,1,400,200,4
0,1515,71757.5,1502,19,1,3800,200,4
0,1534,60770.7,1502,19,1,3800,200,2
0,1538,3177.75,839,2,1,400,200,6
0,1543,185164,1502,19,1,3800,200,2
0,1548,207680,1502,19,1,3800,200,2
0,1561,7591.6,839,2,1,400,200,2
0,1573,662.048,839,2,1,400,200,2
0,1589,11448.9,1502,19,1,3800,200,2
0,1589,74073,1502,19,1,3800,200,2
0,1593,15183,1502,19,1,3800,200,4
0,1594,45345.2,839,2,1,400,200,2
0,1610,68942.8,1502,19,1,3800,200,4
0,1617,8627.27,839,2,1,400,200,4
0,1630,46164.9,839,2,1,400,200,4
0,1634,101489,1502,19,1,3800,200,4
0,1647,41362.8,1502,19,1,3800,200,6
0,1647,104809,839,2,1,400,200,2
0,1652,66043.7,1502,19,1,3800,200,2
0,1653,577.058,839,2,1,400,200,2
0,6476,5138.63,1502,19,1,3800,200,4
0,6477,979.094,839,2,1,400,200,4
0,6480,174560,1502,19,1,3800,200,2
0,6491,7027.32,1502,19,1,3800,200,2
0,6494,32931.8,839,2,1,400,200,4
0,6513,355.428,839,2,1,400,200,8
0,6516,221.282,839,2,1,400,200,10
0,6517,18140.3,839,2,1,400,200,6
0,6518,1004.74,839,2,1,400,200,2
0,6520,63993.6,1502,19,1,3800,200,2
0,6531,69576.9,839,2,1,400,200,2
0,6540,122962,839,2,1,400,200,4
0,6545,1863.59,839,2,1,400,200,6
0,6551,176124,1502,19,1,3800,200,2
0,6559,26886.5,1502,19,1,3800,200,6
0,6583,67636.8,839,2,1,400,200,2
0,6584,48946.8,1502,19,1,3800,200,2
0,6590,30018.9,1502,19,1,3800,200,2
0,6592,17215.4,1502,19,1,3800,200,6
0,6593,67187.6,1502,19,1,3800,200,2
0,6594,158920,839,2,1,400,200,2
0,6596,91679.2,839,2,1,400,200,2
0,6600,38586.6,1502,19,1,3800,200,2
0,6605,21399.4,839,2,1,400,200,2
0,6615,24361.1,839,2,1,400,200,2
0,6622,13357.2,1502,19,1,3800,200,2
0,6634,75932.3,1502,19,1,3800,200,4
0,9635,59509.3,1502,19,1,3800,200,2
0,9639,11685.5,1502,19,1,3800,200,6
0,9668,62585.4,1502,19,1,3800,200,2
0,9676,9900.99,1502,19,1,3800,200,2
0,9678,1961.35,839,2,1,400,200,6
0,9683,81309.1,1502,19,1,3800,200,6
0,9692,6680.51,1502,19,1,3800,200,2
0,9695,22420.9,839,2,1,400,200,2
0,9695,12657.3,1502,19,1,3800,200,2
0,9700,517.929,839,2,1,400,200,2
0,9701,74061.7,839,2,1,400,200,2
0,9709,24710.4,1502,19,1,3800,200,6
0,9715,31735.3,1502,19,1,3800,200,2
0,9718,10937.6,839,2,1,400,200,4
0,9720,33105.9,1502,19,1,3800,200,4
0,9724,41382.9,1502,19,1,3800,200,2
0,9728,78.883,839,2,1,400,200,2
0,9731,24909.6,839,2,1,400,200,2
0,9739,46958.7,1502,19,1,3800,200,6
0,9744,73207.4,839,2,1,400,200,2
0,9764,33894.9,1502,19,1,3800,200,2
0,9766,579.398,839,2,1,400,200,4
0,9767,3407.54,1502,19,1,3800,200,2
0,9771,63468.9,1502,19,1,3800,200,4
0,9781,44435.4,839,2,1,400,200,2
0,12783,792.037,839,2,1,400,200,4
0,12784,18689.4,1502,19,1,3800,200,2
0,12790,35131.5,839,2,1,400,200,2
0,12790,85328.9,839,2,1,400,200,2
0,12792,39341.5,839,2,1,400,200,2
0,12793,11643.7,1502,19,1,3800,200,2
0,12814,94666.4,839,2,1,400,200,4
0,12815,56753,839,2,1,400,200,2
0,12816,49091.1,839,2,1,400,200,4
0,12831,66299.9,1502,19,1,3800,200,2
0,12831,212063,1502,19,1,3800,200,2
0,12839,990.919,839,2,1,400,200,8
0,12848,373.413,839,2,1,400,200,8
0,12854,32566.5,1502,19,1,3800,200,2
0,12856,56937,1502,19,1,3800,200,2
0,12867,9186.09,1502,19,1,3800,200,2
0,12883,1755.35,839,2,1,400,200,2
0,12892,2067.05,839,2,1,400,200,2
0,12895,774.894,839,2,1,400,200,4
0,12899,90215.2,839,2,1,400,200,2
0,12901,63602.7,1502,19,1,3800,200,2
0,12907,110552,839,2,1,400,200,2
0,12912,3958.78,1502,19,1,3800,200,8
0,12922,1449.28,839,2,1,400,200,2
0,12934,5423.68,839,2,1,400,200,2
0,12937,6504.89,839,2,1,400,200,2
0,12940,33200.7,1502,19,1,3800,200,2
0,12940,456.401,839,2,1,400,200,2
0,16273,8480.32,1502,19,1,3800,200,2
0,16274,16537.7,1502,19,1,3800,200,2
0,16284,5069.41,1502,19,1,3800,200,4
0,16289,47891.8,1502,19,1,3800,200,2
0,16296,23451.5,1502,19,1,3800,200,2
0,16298,48456.2,839,2,1,400,200,2
0,16304,1483.03,839,2,1,400,200,2
0,16306,10489,839,2,1,400,200,2
0,16307,121728,1502,19,1,3800,200,2
0,16315,26306.6,839,2,1,400,200,2
0,16333,37610.9,1502,19,1,3800,200,2
0,16337,46579,1502,19,1,3800,200,2
0,16339,11623.8,839,2,1,400,200,2
0,16345,31059.8,1502,19,1,3800,200,2
0,16362,47805.3,839,2,1,400,200,4
0,16369,944.468,839,2,1,400,200,2
0,16373,24861.4,1502,19,1,3800,200,2
0,16376,13843.2,839,2,1,400,200,2
0,16380,1591.15,839,2,1,400,200,4
0,16384,58871.4,839,2,1,400,200,2
0,16396,532.674,839,2,1,400,200,2
0,16399,43013.2,839,2,1,400,200,2
0,16399,5013.34,839,2,1,400,200,2
0,16403,16428.8,1502,19,1,3800,200,4
0,16406,34476.6,1502,19,1,3800,200,2
0,16417,14141.5,1502,19,1,3800,200,2
0,16418,28678.4,839,2,1,400,200,2
0,16425,5910.14,839,2,1,400,200,2
0,19425,38608.6,1502,19,1,3800,200,2
0,19431,78581.8,839,2,1,400,200,2
0,19443,14989.8,839,2,1,400,200,2
0,19457,12862.9,839,2,1,400,200,2
0,19478,15760.6,1502,19,1,3800,200,2
0,19479,6864.14,839,2,1,400,200,4
0,19493,213673,1502,19,1,3800,200,2
0,19507,20222.3,1502,19,1,3800,200,2
0,19515,5541.25,839,2,1,400,200,4
0,19532,25719.3,1502,19,1,3800,200,2
0,19558,124537,839,2,1,400,200,2
0,19562,41573.2,839,2,1,400,200,2
0,19573,355.597,839,2,1,400,200,2
0,19582,13099.7,1502,19,1,3800,200,2
0,19586,89877.7,1502,19,1,3800,200,2
0,22582,18799.7,1502,19,1,3800,200,2
0,22585,16283.5,839,2,1,400,200,4
0,22596,13082.1,1502,19,1,3800,200,2
0,22602,114188,1502,19,1,3800,200,4
0,22607,33546.8,839,2,1,400,200,2
0,22632,14676.6,1502,19,1,3800,200,4
0,22633,45242.5,839,2,1,400,200,2
0,22642,65239.6,839,2,1,400,200,4
0,22648,14739.5,1502,19,1,3800,200,2
0,22648,4966.11,1502,19,1,3800,200,2
0,22656,6906.99,1502,19,1,3800,200,2
0,22669,7898.33,1502,19,1,3800,200,2
0,22671,5299.03,839,2,1,400,200,2
0,22677,41619.6,839,2,1,400,200,2
0,22680,336.456,839,2,1,400,200,8
0,22684,12751.6,1502,19,1,3800,200,2
0,22685,2021.08,1502,19,1,3800,200,4
0,22687,13217.3,1502,19,1,3800,200,4
0,22696,140638,839,2,1,400,200,2
0,22725,10668.4,1502,19,1,3800,200,2
0,22725,3988.33,839,2,1,400,200,2
0,22726,1275.11,839,2,1,400,200,2
0,22735,28687.1,1502,19,1,3800,200,4
0,25914,7677.36,839,2,1,400,200,4
0,25936,9601.68,1502,19,1,3800,200,4
0,25936,43028.6,1502,19,1,3800,200,4
0,25938,24582.4,1502,19,1,3800,200,2
0,25939,74440.1,839,2,1,400,200,2
0,25942,95362.4,1502,19,1,3800,200,2
0,25944,34438,1502,19,1,3800,200,2
0,25945,30993.3,1502,19,1,3800,200,2
0,25957,6644.93,839,2,1,400,200,4
0,25961,29710.5,1502,19,1,3800,200,2
0,25961,17948.1,839,2,1,400,200,2
0,25962,655.846,839,2,1,400,200,2
0,25963,57109.3,839,2,1,400,200,4
0,25964,8849.67,1502,19,1,3800,200,4
0,25966,4868.44,1502,19,1,3800,200,4
0,25975,1106.34,839,2,1,400,200,2
0,25981,27431.9,1502,19,1,3800,200,2
0,25988,2900.76,839,2,1,400,200,4
0,25999,41501.3,1502,19,1,3800,200,4
0,26004,31634.1,1502,19,1,3800,200,2
0,26042,59417,839,2,1,400,200,2
0,26051,11064.6,1502,19,1,3800,200,2
0,26051,22391.5,839,2,1,400,200,2
0,26052,384.514,839,2,1,400,200,2
0,2173,63802.1,1502,19,1,3800,200,2
0,2174,572.777,839,2,1,400,200,4
0,2185,10257.9,839,2,1,400,200,4
0,2197,63188.4,1502,19,1,3800,200,4
0,2197,7416.83,1502,19,1,3800,200,2
0,2198,42939.7,1502,19,1,3800,200,4
0,2212,31848.5,1502,19,1,3800,200,2
0,2215,6131.55,839,2,1,400,200,2
0,2237,62162.8,839,2,1,400,200,2
0,2248,5425.91,839,2,1,400,200,2
0,2250,30930.7,1502,19,1,3800,200,2
0,2258,723.969,839,2,1,400,200,10
0,2260,4609.83,1502,19,1,3800,200,2
0,2268,81798.5,1502,19,1,3800,200,2
0,2282,1088.86,839,2,1,400,200,2
0,2287,684.067,839,2,1,400,200,2
0,2287,453.801,839,2,1,400,200,8
0,2287,455.127,839,2,1,400,200,6
0,2289,130569,1502,19,1,3800,200,2
0,2290,43660.2,1502,19,1,3800,200,2
0,2295,7128.12,839,2,1,400,200,2
0,2296,7796.34,1502,19,1,3800,200,2
0,2297,82240.9,1502,19,1,3800,200,2
0,2311,7249.1,1502,19,1,3800,200,2
0,2317,39879.7,1502,19,1,3800,200,2
0,3487,10618.4,1502,19,1,3800,200,2
0,3497,17745,839,2,1,400,200,4
0,3504,85523.5,839,2,1,400,200,2
0,3505,95616.3,1502,19,1,3800,200,2
0,3515,520.803,839,2,1,400,200,10
0,3524,33004.6,839,2,1,400,200,2
0,3528,144.226,839,2,1,400,200,14
0,3548,7387.72,839,2,1,400,200,6
0,3550,28687.3,1502,19,1,3800,200,6
0,3555,411.349,839,2,1,400,200,6
0,3555,13297.2,1502,19,1,3800,200,4
0,3579,266.419,839,2,1,400,200,2
0,3589,56522.7,1502,19,1,3800,200,2
0,3607,216074,1502,19,1,3800,200,2
0,3607,20519.8,839,2,1,400,200,4
0,3608,32946.7,839,2,1,400,200,4
0,3609,3336.37,839,2,1,400,200,4
0,3624,5267.99,839,2,1,400,200,2
0,3630,24339.7,839,2,1,400,200,6
0,3637,28185.9,1502,19,1,3800,200,2
0,3645,33480.4,839,2,1,400,200,2
0,7496,43164.3,839,2,1,400,200,4
0,7506,76482.6,1502,19,1,3800,200,2
0,7508,889.64,839,2,1,400,200,2
0,7510,18745.1,839,2,1,400,200,4
0,7542,27162.9,1502,19,1,3800,200,2
0,7546,31174.1,1502,19,1,3800,200,2
0,7553,20821.7,1502,19,1,3800,200,2
0,7585,6229,839,2,1,400,200,2
0,7587,176.439,839,2,1,400,200,4
0,7596,953.478,839,2,1,400,200,4
0,7598,83771.3,1502,19,1,3800,200,2
0,7600,77614.5,1502,19,1,3800,200,2
0,7606,790.878,839,2,1,400,200,2
0,7624,42651,1502,19,1,3800,200,2
0,7626,10764.1,839,2,1,400,200,2
0,7630,25704.5,839,2,1,400,200,4
0,7631,1708.66,839,2,1,400,200,2
0,7635,44990.8,839,2,1,400,200,2
0,10791,119821,1502,19,1,3800,200,2
0,10792,46386.4,1502,19,1,3800,200,2
0,10793,100399,839,2,1,400,200,2
0,10816,993.959,839,2,1,400,200,2
0,10821,454.809,839,2,1,400,200,4
0,10822,78316.7,1502,19,1,3800,200,2
0,10836,1026.39,839,2,1,400,200,6
0,10843,18469.9,1502,19,1,3800,200,2
0,10848,36074.4,1502,19,1,3800,200,2
0,10856,8441.65,839,2,1,400,200,2
0,10870,146339,1502,19,1,3800,200,2
0,10881,19910.4,1502,19,1,3800,200,2
0,10882,70086.4,839,2,1,400,200,2
0,10899,636.475,839,2,1,400,200,4
0,10904,7966.39,1502,19,1,3800,200,4
0,10904,36843.4,839,2,1,400,200,2
0,10906,16967.8,1502,19,1,3800,200,2
0,10916,40557.9,839,2,1,400,200,2
0,10919,11355.3,839,2,1,400,200,2
0,10920,563.051,839,2,1,400,200,4
0,10930,1148.94,839,2,1,400,200,4
0,10930,51612.2,839,2,1,400,200,2
0,10948,27596.9,839,2,1,400,200,2
0,10949,96246,1502,19,1,3800,200,2
0,10954,92548.3,839,2,1,400,200,2
0,14618,29621.3,839,2,1,400,200,2
0,14620,99937,1502,19,1,3800,200,4
0,14624,38201.4,839,2,1,400,200,2
0,14632,57704.3,839,2,1,400,200,2
0,14640,5131.09,839,2,1,400,200,2
0,14642,43377.2,1502,19,1,3800,200,2
0,14647,5175.98,839,2,1,400,200,2
0,14675,158962,1502,19,1,3800,200,2
0,14684,67375.6,1502,19,1,3800,200,2
0,14703,33895.7,839,2,1,400,200,2
0,14714,31412.2,1502,19,1,3800,200,2
0,14717,626.164,839,2,1,400,200,10
0,14722,1418.51,839,2,1,400,200,4
0,14724,207131,1502,19,1,3800,200,2
0,14726,24271.4,839,2,1,400,200,2
0,14728,32803.2,839,2,1,400,200,2
0,14734,2213.45,839,2,1,400,200,2
0,14763,3740.33,839,2,1,400,200,6
0,14765,86862.3,1502,19,1,3800,200,2
0,18100,884.8,839,2,1,400,200,4
0,18114,96959.8,839,2,1,400,200,2
0,18116,1400.97,839,2,1,400,200,4
0,18124,4217.7,839,2,1,400,200,2
0,18127,37474.7,1502,19,1,3800,200,2
0,18138,15065.1,1502,19,1,3800,200,4
0,18146,13459.4,839,2,1,400,200,2
0,18149,70079,1502,19,1,3800,200,2
0,18171,3467.78,839,2,1,400,200,2
0,18171,9338.63,1502,19,1,3800,200,4
0,18172,60093,1502,19,1,3800,200,2
0,18181,111708,1502,19,1,3800,200,2
0,18192,25593.7,1502,19,1,3800,200,2
0,18201,60263.2,1502,19,1,3800,200,2
0,18203,18598.8,1502,19,1,3800,200,2
0,18207,68823.3,839,2,1,400,200,2
0,18226,31303.2,1502,19,1,3800,200,2
0,18243,190.953,839,2,1,400,200,12
0,18246,40607.8,839,2,1,400,200,2
0,18252,31852.5,839,2,1,400,200,4
0,18253,2539.48,839,2,1,400,200,2
0,21750,3061.31,1502,19,1,3800,200,2
0,21751,2235.41,839,2,1,400,200,2
0,21759,19160.3,1502,19,1,3800,200,2
0,21759,8393.69,839,2,1,400,200,2
0,21766,37912.3,1502,19,1,3800,200,4
0,21771,28909.4,1502,19,1,3800,200,2
0,21784,15223.3,839,2,1,400,200,2
0,21790,34915.5,1502,19,1,3800,200,4
0,21800,2947.3,839,2,1,400,200,2
0,21806,29587.4,1502,19,1,3800,200,2
0,21808,13367.3,1502,19,1,3800,200,2
0,21809,77114,1502,19,1,3800,200,2
0,21816,37095.1,1502,19,1,3800,200,2
0,21820,9632.49,1502,19,1,3800,200,2
0,21832,5810.9,1502,19,1,3800,200,4
0,21836,383.786,839,2,1,400,200,6
0,21846,80910.8,1502,19,1,3800,200,6
0,21854,1131.71,839,2,1,400,200,2
0,21865,4945.45,1502,19,1,3800,200,2
0,21870,39166.1,839,2,1,400,200,4
0,21881,13340.1,839,2,1,400,200,6
0,21885,34355.7,839,2,1,400,200,4
0,25238,130882,1502,19,1,3800,200,2
0,25242,41318.4,839,2,1,400,200,4
0,25244,14672.9,839,2,1,400,200,2
0,25255,149.551,839,2,1,400,200,4
0,25267,771.77,839,2,1,400,200,2
0,25271,45308.1,839,2,1,400,200,2
0,25274,4762.83,839,2,1,400,200,2
0,25278,140678,1502,19,1,3800,200,4
0,25280,24359.9,1502,19,1,3800,200,2
0,25286,21996.3,1502,19,1,3800,200,2
0,25298,73993.1,1502,19,1,3800,200,6
0,25303,4280.87,1502,19,1,3800,200,4
0,25306,3591.55,1502,19,1,3800,200,8
0,25306,3076.87,839,2,1,400,200,2
0,25310,1771.63,839,2,1,400,200,2
0,25317,30704.5,839,2,1,400,200,2
0,25325,90286.5,839,2,1,400,200,6
0,25335,6375.77,1502,19,1,3800,200,2
0,25341,66678.8,1502,19,1,3800,200,4
0,25352,2503.89,839,2,1,400,200,2
0,25354,95351.3,1502,19,1,3800,200,4
0,25363,23110.4,839,2,1,400,200,2
0,25376,1282.89,1502,19,1,3800,200,2
0,25382,126.38,839,2,1,400,200,4
0,25387,853.079,839,2,1,400,200,2
0,25389,7135.64,1502,19,1,3800,200,2
0,25395,206.761,839,2,1,400,200,12
0,1993,952.092,1502,19,1,3800,200,2
0,1993,10625.7,1502,19,1,3800,200,2
0,1997,40040.8,1502,19,1,3800,200,4
0,2000,143670,839,2,1,400,200,2
0,2006,7763.43,839,2,1,400,200,2
0,2014,74321.9,1502,19,1,3800,200,2
0,2018,40398.1,1502,19,1,3800,200,2
0,2031,24602.8,1502,19,1,3800,200,2
0,2043,56307.6,839,2,1,400,200,2
0,2045,47460,1502,19,1,3800,200,2
0,2046,84013.5,839,2,1,400,200,2
0,2058,108415,839,2,1,400,200,2
0,2060,92221.7,839,2,1,400,200,2
0,2071,106924,839,2,1,400,200,2
0,2072,46172.7,1502,19,1,3800,200,2
0,2084,61334.9,1502,19,1,3800,200,2
0,2096,30919.2,839,2,1,400,200,4
0,2108,30761.8,1502,19,1,3800,200,2
0,2109,275.238,839,2,1,400,200,24
0,2110,38618.5,1502,19,1,3800,200,2
0,2111,66291.3,1502,19,1,3800,200,2
0,2130,40297.9,1502,19,1,3800,200,2
0,2136,53059.5,839,2,1,400,200,4
0,2145,34631.3,839,2,1,400,200,2
0,2146,63968.9,1502,19,1,3800,200,4
0,2150,764.047,839,2,1,400,200,12
0,6151,144748,839,2,1,400,200,4
0,6154,16271.7,1502,19,1,3800,200,2
0,6182,239.705,839,2,1,400,200,12
0,6189,8384.28,839,2,1,400,200,2
0,6192,14483.6,839,2,1,400,200,2
0,6200,28333.3,839,2,1,400,200,2
0,6206,24468.4,839,2,1,400,200,2
0,6206,5349.94,839,2,1,400,200,2
0,6218,746.235,1502,19,1,3800,200,4
0,6229,35957.2,839,2,1,400,200,2
0,6229,867.222,839,2,1,400,200,6
0,6230,82673.1,1502,19,1,3800,200,2
0,6236,19510.1,1502,19,1,3800,200,4
0,6256,41260.6,1502,19,1,3800,200,4
0,6260,254.061,839,2,1,400,200,14
0,6272,41450.7,839,2,1,400,200,2
0,6279,74873.2,1502,19,1,3800,200,2
0,6282,7470.23,1502,19,1,3800,200,4
0,6290,8548.23,839,2,1,400,200,2
0,6303,56854.6,839,2,1,400,200,4
0,6306,86023.9,839,2,1,400,200,2
0,9465,68964.2,1502,19,1,3800,200,4
0,9475,147611,1502,19,1,3800,200,2
0,9483,26076.5,1502,19,1,3800,200,6
0,9484,1609.54,839,2,1,400,200,2
0,9508,14341.7,1502,19,1,3800,200,2
0,9544,986.862,839,2,1,400,200,4
0,9556,7090.64,839,2,1,400,200,4
0,9560,56473.5,1502,19,1,3800,200,2
0,9565,2336.46,839,2,1,400,200,2
0,9568,32859.8,1502,19,1,3800,200,2
0,9577,152830,1502,19,1,3800,200,2
0,9592,26861.4,839,2,1,400,200,2
0,9596,24113,1502,19,1,3800,200,2
0,9598,3474.62,839,2,1,400,200,2
0,9600,65435.6,1502,19,1,3800,200,6
0,9604,83545.4,839,2,1,400,200,2
0,9612,78576.9,1502,19,1,3800,200,2
0,9616,166183,839,2,1,400,200,2
0,9620,56446.5,839,2,1,400,200,2
0,9620,63439.9,839,2,1,400,200,2
0,9624,721.264,839,2,1,400,200,4
0,9624,2167.72,839,2,1,400,200,4
0,12956,64748.8,1502,19,1,3800,200,2
0,12969,18960.7,1502,19,1,3800,200,2
0,12971,12102.7,1502,19,1,3800,200,4
0,12978,14236.9,1502,19,1,3800,200,2
0,12991,54117.1,839,2,1,400,200,2
0,13001,30552.5,839,2,1,400,200,4
0,13001,21099.3,839,2,1,400,200,2
0,13011,33904.8,839,2,1,400,200,4
0,13018,29658.1,1502,19,1,3800,200,2
0,13029,25100.3,1502,19,1,3800,200,2
0,13038,12187,1502,19,1,3800,200,2
0,13039,76928.2,839,2,1,400,200,2
0,13039,36019.3,839,2,1,400,200,6
0,13046,153148,1502,19,1,3800,200,4
0,13050,4818.23,839,2,1,400,200,2
0,13051,2176.86,839,2,1,400,200,2
0,13053,44310.2,1502,19,1,3800,200,2
0,13054,5995.53,1502,19,1,3800,200,4
0,13063,15204.7,1502,19,1,3800,200,2
0,13084,137116,839,2,1,400,200,2
0,13100,55658.8,1502,19,1,3800,200,2
0,15780,751.76,839,2,1,400,200,2
0,15790,22148.2,1502,19,1,3800,200,2
0,15806,9373.99,839,2,1,400,200,2
0,15806,133351,839,2,1,400,200,2
0,15818,250151,839,2,1,400,200,2
0,15831,37566.6,1502,19,1,3800,200,2
0,15841,57903,1502,19,1,3800,200,2
0,15844,57308.2,839,2,1,400,200,2
0,15854,4331.54,1502,19,1,3800,200,4
0,15858,21737,1502,19,1,3800,200,2
0,15869,2187.64,1502,19,1,3800,200,2
0,15890,34143.3,839,2,1,400,200,2
0,15892,85910.3,1502,19,1,3800,200,2
0,15897,342.724,839,2,1,400,200,2
0,15898,542.956,839,2,1,400,200,2
0,15902,13949.5,1502,19,1,3800,200,2
0,15922,2069.57,839,2,1,400,200,4
0,19093,165014,1502,19,1,3800,200,2
0,19095,1064.42,839,2,1,400,200,8
0,19096,12756.1,839,2,1,400,200,2
0,19099,3434.5,839,2,1,400,200,2
0,19102,9047.25,839,2,1,400,200,2
0,19116,33762.9,1502,19,1,3800,200,4
0,19139,39552,839,2,1,400,200,4
0,19143,162028,1502,19,1,3800,200,2
0,19144,527.027,839,2,1,400,200,2
0,19152,26449.3,839,2,1,400,200,4
0,19154,100234,1502,19,1,3800,200,4
0,19164,73232.4,1502,19,1,3800,200,2
0,19164,3615.15,1502,19,1,3800,200,2
0,19164,12531.9,839,2,1,400,200,2
0,19178,54666.1,1502,19,1,3800,200,4
0,19186,22492.5,1502,19,1,3800,200,2
0,19200,8468.07,1502,19,1,3800,200,4
0,19221,8904.05,1502,19,1,3800,200,4
0,19226,11908.4,1502,19,1,3800,200,2
0,19232,11428.2,839,2,1,400,200,2
0,19232,55879.7,1502,19,1,3800,200,2
0,19237,4075.3,839,2,1,400,200,4
0,19243,867.892,839,2,1,400,200,2
0,19247,6341.91,1502,19,1,3800,200,6
0,21922,4262.75,1502,19,1,3800,200,2
0,21926,21341,839,2,1,400,200,2
0,21926,28251.7,1502,19,1,3800,200,2
0,21933,108828,839,2,1,400,200,2
0,21944,69737.9,839,2,1,400,200,2
0,21949,29234.1,1502,19,1,3800,200,2
0,21949,19051,1502,19,1,3800,200,2
0,21956,13246.2,1502,19,1,3800,200,2
0,21971,31126.5,1502,19,1,3800,200,2
0,22026,468.147,839,2,1,400,200,4
0,22035,35201.5,839,2,1,400,200,2
0,22037,23890.9,1502,19,1,3800,200,2
0,22038,4715.91,839,2,1,400,200,4
0,22041,435.729,839,2,1,400,200,4
0,22054,21611.3,839,2,1,400,200,4
0,22054,16579.6,839,2,1,400,200,2
0,22062,60639.3,839,2,1,400,200,2
0,25398,105838,1502,19,1,3800,200,2
0,25406,32061.9,839,2,1,400,200,2
0,25415,9273.18,839,2,1,400,200,2
0,25422,24971.3,839,2,1,400,200,4
0,25428,7807.84,839,2,1,400,200,2
0,25445,13273.6,839,2,1,400,200,4
0,25457,555.042,839,2,1,400,200,2
0,25458,92861.1,1502,19,1,3800,200,2
0,25481,1097.29,839,2,1,400,200,2
0,25485,3440.83,1502,19,1,3800,200,2
0,25486,165444,1502,19,1,3800,200,6
0,25489,34433.5,1502,19,1,3800,200,2
0,25492,74900.9,1502,19,1,3800,200,2
0,25515,75041,1502,19,1,3800,200,2
0,25523,19861,839,2,1,400,200,2
0,25527,6641.28,1502,19,1,3800,200,2
0,25535,75854.2,839,2,1,400,200,2
0,25539,26443.9,1502,19,1,3800,200,2
0,25547,26458.7,1502,19,1,3800,200,2
0,25552,17573.9,839,2,1,400,200,2
0,25553,72515.5,839,2,1,400,200,4
0,174,4891.12,1502,19,1,3800,200,2
0,181,63252.6,1502,19,1,3800,200,4
0,185,8127.06,1502,19,1,3800,200,2
0,196,2115.23,839,2,1,400,200,2
0,201,267.369,839,2,1,400,200,2
0,207,2806.02,1502,19,1,3800,200,4
0,209,27440,1502,19,1,3800,200,2
0,214,32249.4,1502,19,1,3800,200,4
0,220,116351,1502,19,1,3800,200,8
0,231,302.72,839,2,1,400,200,10
0,233,10366.5,1502,19,1,3800,200,2
0,234,2475.45,1502,19,1,3800,200,2
0,250,11986.3,839,2,1,400,200,4
0,251,135132,1502,19,1,3800,200,6
0,261,825.493,839,2,1,400,200,2
0,262,8348.33,839,2,1,400,200,2
0,264,57914.9,839,2,1,400,200,4
0,288,55667.2,839,2,1,400,200,2
0,294,773.367,839,2,1,400,200,2
0,313,97478.3,1502,19,1,3800,200,2
0,314,15412,1502,19,1,3800,200,4
0,330,35727.6,839,2,1,400,200,6
0,5313,100620,1502,19,1,3800,200,2
0,5320,27665.9,1502,19,1,3800,200,4
0,5342,27182.7,839,2,1,400,200,6
0,5356,29252.9,839,2,1,400,200,2
0,5367,77930.9,839,2,1,400,200,6
0,5371,3139.88,1502,19,1,3800,200,2
0,5371,51909.1,1502,19,1,3800,200,2
0,5374,47684.1,1502,19,1,3800,200,4
0,5375,12660,1502,19,1,3800,200,2
0,5376,40472.4,1502,19,1,3800,200,2
0,5383,45525.7,839,2,1,400,200,2
0,5385,63691.7,1502,19,1,3800,200,2
0,5387,19794.8,839,2,1,400,200,4
0,5389,15090.9,839,2,1,400,200,6
0,5398,63624.5,839,2,1,400,200,2
0,5413,2701.09,1502,19,1,3800,200,2
0,5415,91633.6,1502,19,1,3800,200,2
0,5416,5732.38,839,2,1,400,200,2
0,5417,3240.98,839,2,1,400,200,6
0,5420,89101.7,839,2,1,400,200,2
0,5422,17544.6,839,2,1,400,200,4
0,5430,105428,839,2,1,400,200,6
0,5442,3175.47,839,2,1,400,200,4
0,5477,56724.1,839,2,1,400,200,2
0,8476,32423.4,839,2,1,400,200,2
0,8482,55505.6,839,2,1,400,200,2
0,8485,45017.7,839,2,1,400,200,2
0,8486,71957.9,839,2,1,400,200,2
0,8488,59572.4,1502,19,1,3800,200,2
0,8491,7327.25,1502,19,1,3800,200,2
0,8493,21550.6,839,2,1,400,200,2
0,8494,1365.72,839,2,1,400,200,4
0,8498,11047.6,839,2,1,400,200,2
0,8499,24787.6,1502,19,1,3800,200,2
0,8502,1533.21,839,2,1,400,200,6
0,8505,116349,839,2,1,400,200,2
0,8507,75127,839,2,1,400,200,4
0,8510,23323.7,839,2,1,400,200,4
0,8512,100325,839,2,1,400,200,2
0,8533,83899.5,1502,19,1,3800,200,2
0,8557,45016.5,1502,19,1,3800,200,2
0,8572,85606.7,839,2,1,400,200,2
0,8575,23628.9,1502,19,1,3800,200,4
0,8585,37267.4,839,2,1,400,200,2
0,8592,89522.7,839,2,1,400,200,2
0,8605,122369,839,2,1,400,200,4
0,8607,922.691,839,2,1,400,200,4
0,8611,13182.9,839,2,1,400,200,6
0,8623,52858.6,1502,19,1,3800,200,2
0,12617,19093.7,1502,19,1,3800,200,2
0,12617,2896.5,839,2,1,400,200,2
0,12631,13528.3,839,2,1,400,200,2
0,12633,25791,1502,19,1,3800,200,2
0,12647,43081.1,839,2,1,400,200,2
0,12649,4552.5,1502,19,1,3800,200,2
0,12673,18017.2,1502,19,1,3800,200,4
0,12673,5649.91,1502,19,1,3800,200,2
0,12674,637.257,839,2,1,400,200,4
0,12694,1406.98,839,2,1,400,200,2
0,12697,13044.1,839,2,1,400,200,2
0,12704,414.688,839,2,1,400,200,2
0,12725,258.749,839,2,1,400,200,4
0,12737,44195.7,839,2,1,400,200,4
0,12739,16857.6,1502,19,1,3800,200,2
0,12744,19867.6,1502,19,1,3800,200,4
0,12753,3212.08,1502,19,1,3800,200,2
0,12762,18698.4,1502,19,1,3800,200,2
0,12763,25755.4,839,2,1,400,200,2
0,12763,26491.1,1502,19,1,3800,200,4
0,12777,2718.11,1502,19,1,3800,200,4
0,12780,9246.43,839,2,1,400,200,2
0,15939,284.157,839,2,1,400,200,10
0,15950,19793.8,839,2,1,400,200,4
0,15951,23190.7,839,2,1,400,200,4
0,15957,45723.6,1502,19,1,3800,200,4
0,15958,15850.2,1502,19,1,3800,200,2
0,15961,29193.1,839,2,1,400,200,2
0,15965,580.035,839,2,1,400,200,2
0,15970,3514.71,839,2,1,400,200,4
0,15971,1408.3,839,2,1,400,200,2
0,15971,50747.5,839,2,1,400,200,2
0,15975,100631,839,2,1,400,200,2
0,15975,15433.2,1502,19,1,3800,200,2
0,15980,9180.9,839,2,1,400,200,2
0,15980,16611,839,2,1,400,200,6
0,15983,2530.79,839,2,1,400,200,2
0,15996,55343.7,839,2,1,400,200,4
0,16000,4908.82,1502,19,1,3800,200,2
0,16002,33777.4,1502,19,1,3800,200,2
0,16013,27194,1502,19,1,3800,200,2
0,16024,978.811,839,2,1,400,200,6
0,16026,110369,1502,19,1,3800,200,2
0,16030,29064,839,2,1,400,200,2
0,16043,89129.5,1502,19,1,3800,200,2
0,16070,14941.8,1502,19,1,3800,200,2
0,16083,7788.8,839,2,1,400,200,2
0,16089,293.74,839,2,1,400,200,2
0,16093,21446.1,1502,19,1,3800,200,6
0,18593,6522.61,1502,19,1,3800,200,2
0,18596,60798.3,1502,19,1,3800,200,2
0,18603,89267.7,1502,19,1,3800,200,6
0,18628,122.986,839,2,1,400,200,4
0,18639,937.829,839,2,1,400,200,2
0,18641,1388.82,839,2,1,400,200,22
0,18648,32174.4,1502,19,1,3800,200,4
0,18655,9511.53,1502,19,1,3800,200,2
0,18659,9362.9,839,2,1,400,200,2
0,18675,81753.5,839,2,1,400,200,2
0,18686,29541.7,839,2,1,400,200,4
0,18691,1615.28,1502,19,1,3800,200,2
0,18695,5329.6,839,2,1,400,200,4
0,18701,22430.1,1502,19,1,3800,200,2
0,18705,41455.3,1502,19,1,3800,200,4
0,18707,50005,839,2,1,400,200,4
0,18712,42833.6,839,2,1,400,200,2
0,18716,45883.9,839,2,1,400,200,4
0,18721,139945,1502,19,1,3800,200,2
0,18724,41932.3,1502,19,1,3800,200,6
0,18736,4811.01,1502,19,1,3800,200,6
0,18736,107538,1502,19,1,3800,200,2
0,22079,35572.1,1502,19,1,3800,200,6
0,22080,7703.56,839,2,1,400,200,2
0,22083,43620.2,1502,19,1,3800,200,2
0,22084,3350.75,839,2,1,400,200,2
0,22085,30040.9,839,2,1,400,200,2
0,22092,13833.4,1502,19,1,3800,200,6
0,22092,163131,1502,19,1,3800,200,2
0,22098,139790,1502,19,1,3800,200,2
0,22101,22616.7,1502,19,1,3800,200,2
0,22106,24037.3,839,2,1,400,200,4
0,22108,526.676,839,2,1,400,200,6
0,22111,7523.04,1502,19,1,3800,200,2
0,22127,44411.9,1502,19,1,3800,200,2
0,22145,9055.92,1502,19,1,3800,200,4
0,22148,23192.9,839,2,1,400,200,2
0,22154,54604.3,839,2,1,400,200,6
0,22181,13760.4,839,2,1,400,200,2
0,22186,871.028,839,2,1,400,200,16
0,22190,28932.3,839,2,1,400,200,2
0,22213,3876.16,1502,19,1,3800,200,2
0,22213,4457.6,839,2,1,400,200,4
0,22220,2788.6,839,2,1,400,200,4
0,22220,82145.6,1502,19,1,3800,200,4
0,22226,27273.1,839,2,1,400,200,2
0,22234,14339.2,1502,19,1,3800,200,2
0,22238,422.488,839,2,1,400,200,2
0,22238,10922.2,1502,19,1,3800,200,4
0,22240,77764.6,1502,19,1,3800,200,2
0,25578,12940.6,839,2,1,400,200,2
0,25579,47135.9,839,2,1,400,200,4
0,25585,13771.7,1502,19,1,3800,200,4
0,25588,80413.4,1502,19,1,3800,200,2
0,25588,83098.1,1502,19,1,3800,200,2
0,25598,16669.1,1502,19,1,3800,200,2
0,25602,1042.37,839,2,1,400,200,12
0,25609,16607.5,839,2,1,400,200,2
0,25623,18162.9,839,2,1,400,200,4
0,25625,32769.2,1502,19,1,3800,200,2
0,25627,95049.5,839,2,1,400,200,2
0,25635,9124.87,839,2,1,400,200,4
0,25639,70868.1,839,2,1,400,200,4
0,25654,16408.4,1502,19,1,3800,200,2
0,25665,93494.9,839,2,1,400,200,2
0,25679,73029.9,1502,19,1,3800,200,4
0,25681,48087.8,839,2,1,400,200,4
0,25686,4478.38,1502,19,1,3800,200,6
0,25690,40393.5,1502,19,1,3800,200,2
0,25701,6786.03,839,2,1,400,200,2
0,25707,4282.56,1502,19,1,3800,200,2
0,25709,48348.5,1502,19,1,3800,200,2
0,25716,116638,839,2,1,400,200,4
0,25723,21981.2,1502,19,1,3800,200,2
0,25726,4984.98,839,2,1,400,200,4
0,685,1250.8,839,2,1,400,200,2
0,687,15184.2,839,2,1,400,200,2
0,688,9951.67,839,2,1,400,200,2
0,697,285.865,839,2,1,400,200,4
0,701,4317.71,1502,19,1,3800,200,2
0,704,18113.6,839,2,1,400,200,4
0,706,11282.6,1502,19,1,3800,200,2
0,723,7786.18,1502,19,1,3800,200,2
0,747,5121.92,839,2,1,400,200,2
0,751,1169.77,839,2,1,400,200,4
0,754,186420,839,2,1,400,200,2
0,758,4381.47,839,2,1,400,200,4
0,766,87034,1502,19,1,3800,200,2
0,767,65573.1,1502,19,1,3800,200,4
0,768,63775.1,839,2,1,400,200,2
0,786,59835.5,1502,19,1,3800,200,2
0,788,113287,839,2,1,400,200,2
0,792,4725.2,839,2,1,400,200,2
0,794,3283.38,839,2,1,400,200,2
0,798,10358.6,839,2,1,400,200,2
0,821,23106.7,1502,19,1,3800,200,2
0,827,132495,839,2,1,400,200,2
0,5157,52329.3,1502,19,1,3800,200,2
0,5182,73321.4,839,2,1,400,200,2
0,5193,12892.4,1502,19,1,3800,200,2
0,5194,15417.8,839,2,1,400,200,2
0,5196,45053.9,839,2,1,400,200,2
0,5204,78535.5,1502,19,1,3800,200,2
0,5208,171522,1502,19,1,3800,200,2
0,5213,24655,839,2,1,400,200,4
0,5215,16991.5,839,2,1,400,200,2
0,5215,6473.5,839,2,1,400,200,2
0,5229,7013.14,1502,19,1,3800,200,2
0,5232,971.511,839,2,1,400,200,6
0,5242,662.267,839,2,1,400,200,4
0,5259,4280.38,839,2,1,400,200,4
0,5286,75195.9,839,2,1,400,200,4
0,5304,180693,839,2,1,400,200,2
0,5309,6290.07,1502,19,1,3800,200,2
0,6972,88051.5,1502,19,1,3800,200,2
0,6972,35867.6,839,2,1,400,200,2
0,6977,9546.12,1502,19,1,3800,200,2
0,6983,34107,839,2,1,400,200,2
0,6986,19834.7,839,2,1,400,200,2
0,6993,19830.7,839,2,1,400,200,2
0,7013,9313.96,1502,19,1,3800,200,2
0,7019,67881.7,1502,19,1,3800,200,2
0,7023,5707.15,839,2,1,400,200,2
0,7031,682.473,839,2,1,400,200,4
0,7032,14284.6,1502,19,1,3800,200,2
0,7033,100240,839,2,1,400,200,2
0,7034,10488.5,839,2,1,400,200,2
0,7043,18432.4,1502,19,1,3800,200,2
0,7047,95441.3,1502,19,1,3800,200,6
0,7053,881.2,839,2,1,400,200,2
0,7056,5600.95,1502,19,1,3800,200,2
0,7056,76185.6,1502,19,1,3800,200,2
0,7058,31676.4,839,2,1,400,200,2
0,7060,10853.4,839,2,1,400,200,2
0,7060,44637.8,839,2,1,400,200,4
0,7075,26802.8,1502,19,1,3800,200,2
0,7078,9146.33,1502,19,1,3800,200,4
0,7088,1833.32,839,2,1,400,200,4
0,7089,15855.1,839,2,1,400,200,4
0,7098,1135.73,839,2,1,400,200,2
0,7109,23516.8,839,2,1,400,200,2
0,7134,54258,839,2,1,400,200,2
0,9962,90005.8,1502,19,1,3800,200,4
0,9979,395.202,839,2,1,400,200,4
0,9982,21161.3,839,2,1,400,200,2
0,9987,239.729,839,2,1,400,200,4
0,10011,3554.32,839,2,1,400,200,2
0,10013,14089.1,1502,19,1,3800,200,4
0,10020,37965.8,1502,19,1,3800,200,4
0,10023,6514.61,1502,19,1,3800,200,4
0,10024,30844.3,839,2,1,400,200,2
0,10039,31753.6,839,2,1,400,200,4
0,10047,20648.1,839,2,1,400,200,2
0,10048,96.2583,839,2,1,400,200,2
0,10054,142.058,839,2,1,400,200,4
0,10063,465.017,839,2,1,400,200,10
0,10064,39606.5,839,2,1,400,200,4
0,10064,12224.9,839,2,1,400,200,4
0,10066,41366.6,839,2,1,400,200,2
0,10069,8029.12,1502,19,1,3800,200,2
0,10082,18640,839,2,1,400,200,6
0,10087,71293.9,1502,19,1,3800,200,6
0,10101,33889.4,839,2,1,400,200,4
0,10102,37099.4,839,2,1,400,200,2
0,10103,67483.1,839,2,1,400,200,4
0,10122,722.904,839,2,1,400,200,10
0,10125,106096,839,2,1,400,200,2
0,13292,11587.8,839,2,1,400,200,2
0,13293,36539.5,1502,19,1,3800,200,2
0,13296,12570.2,1502,19,1,3800,200,2
0,13297,122682,1502,19,1,3800,200,2
0,13310,24425.6,839,2,1,400,200,4
0,13335,31708.7,1502,19,1,3800,200,2
0,13360,29722.8,1502,19,1,3800,200,2
0,13363,33024.2,1502,19,1,3800,200,2
0,13366,1843.09,839,2,1,400,200,2
0,13376,15574.4,1502,19,1,3800,200,4
0,13389,7714.1,839,2,1,400,200,4
0,13400,150121,1502,19,1,3800,200,2
0,13403,59396.3,839,2,1,400,200,2
0,13404,15243.6,1502,19,1,3800,200,2
0,13413,107805,839,2,1,400,200,4
0,13419,78971.3,839,2,1,400,200,4
0,13423,33886.8,1502,19,1,3800,200,2
0,13428,63193.3,1502,19,1,3800,200,2
0,13431,93985.1,839,2,1,400,200,2
0,16776,20073.2,839,2,1,400,200,6
0,16779,31209.9,839,2,1,400,200,2
0,16806,93567.5,1502,19,1,3800,200,2
0,16807,103934,1502,19,1,3800,200,2
0,16810,64786.5,839,2,1,400,200,2
0,16825,150089,839,2,1,400,200,2
0,16829,121793,839,2,1,400,200,6
0,16831,37565.6,1502,19,1,3800,200,2
0,16831,46454.6,1502,19,1,3800,200,2
0,16880,23867.1,839,2,1,400,200,4
0,16883,20622.3,1502,19,1,3800,200,2
0,16900,67154.4,839,2,1,400,200,2
0,16906,18503.5,1502,19,1,3800,200,2
0,16911,85892.1,1502,19,1,3800,200,4
0,16915,28212.7,839,2,1,400,200,2
0,16925,4238.46,839,2,1,400,200,2
0,16931,58.2948,839,2,1,400,200,22
0,16931,67.2629,839,2,1,400,200,14
0,20096,29717,1502,19,1,3800,200,4
0,20115,20055.4,839,2,1,400,200,2
0,20118,43079.8,1502,19,1,3800,200,2
0,20142,17737.9,1502,19,1,3800,200,2
0,20147,956.727,839,2,1,400,200,4
0,20149,2084.91,1502,19,1,3800,200,8
0,20166,109020,839,2,1,400,200,6
0,20169,102818,1502,19,1,3800,200,2
0,20177,70692.9,839,2,1,400,200,2
0,20182,38181.7,1502,19,1,3800,200,2
0,20186,153154,1502,19,1,3800,200,8
0,20207,307.763,839,2,1,400,200,4
0,20211,6131.79,839,2,1,400,200,2
0,20213,11496.7,1502,19,1,3800,200,2
0,20216,1394.27,839,2,1,400,200,2
0,20228,318.159,839,2,1,400,200,2
0,20248,947.318,839,2,1,400,200,2
0,23254,34132.1,839,2,1,400,200,4
0,23255,55481.3,839,2,1,400,200,2
0,23262,70543,1502,19,1,3800,200,4
0,23277,1100.49,839,2,1,400,200,6
0,23278,100190,1502,19,1,3800,200,4
0,23280,72018.5,1502,19,1,3800,200,2
0,23284,300.526,839,2,1,400,200,10
0,23289,17064.1,839,2,1,400,200,2
0,23289,1825.76,839,2,1,400,200,4
0,23302,41462.6,839,2,1,400,200,4
0,23310,1796.4,839,2,1,400,200,4
0,23313,7568.33,839,2,1,400,200,2
0,23315,95386.5,1502,19,1,3800,200,2
0,23317,528.046,839,2,1,400,200,2
0,23317,4742.94,839,2,1,400,200,6
0,23325,7826.12,1502,19,1,3800,200,6
0,23372,2012.53,839,2,1,400,200,2
0,23373,60298.6,1502,19,1,3800,200,2
0,23376,94285.3,1502,19,1,3800,200,2
0,23380,66385.1,839,2,1,400,200,2
0,26561,65232.6,839,2,1,400,200,2
0,26562,49630.2,1502,19,1,3800,200,4
0,26567,14247.5,1502,19,1,3800,200,4
0,26574,5923.91,1502,19,1,3800,200,2
0,26582,13144.1,1502,19,1,3800,200,4
0,26585,11435.8,1502,19,1,3800,200,2
0,26587,1299.4,839,2,1,400,200,6
0,26589,79155.2,1502,19,1,3800,200,2
0,26589,37895.7,839,2,1,400,200,2
0,26592,1369.4,839,2,1,400,200,6
0,26613,50082,1502,19,1,3800,200,2
0,26614,41345.6,1502,19,1,3800,200,2
0,26615,71589.9,1502,19,1,3800,200,2
0,26623,722.115,839,2,1,400,200,2
0,26624,1219.43,839,2,1,400,200,4
0,26631,1851.21,1502,19,1,3800,200,2
0,26653,15949,839,2,1,400,200,2
0,26653,22888.6,1502,19,1,3800,200,2
0,26657,21069.6,839,2,1,400,200,2
0,26658,42144.1,1502,19,1,3800,200,2
0,26668,900.113,839,2,1,400,200,2
0,26694,56565,839,2,1,400,200,2
0,26714,15902,839,2,1,400,200,2
0,26722,82071.2,1502,19,1,3800,200,2
0,26725,16321.1,1502,19,1,3800,200,8
0,2497,46981.6,1502,19,1,3800,200,4
0,2504,25071.2,1502,19,1,3800,200,2
0,2509,23053.7,839,2,1,400,200,2
0,2513,46630.8,1502,19,1,3800,200,6
0,2523,292.544,839,2,1,400,200,4
0,2538,8986.94,839,2,1,400,200,2
0,2547,978.653,839,2,1,400,200,2
0,2566,56334.6,1502,19,1,3800,200,2
0,2578,3649.94,1502,19,1,3800,200,2
0,2582,56125.4,1502,19,1,3800,200,6
0,2587,51957.4,1502,19,1,3800,200,2
0,2589,13691.1,839,2,1,400,200,2
0,2595,56937.3,839,2,1,400,200,4
0,2616,47768.3,839,2,1,400,200,2
0,2629,9038.05,839,2,1,400,200,4
0,2633,35932.8,839,2,1,400,200,2
0,2636,13717.6,1502,19,1,3800,200,2
0,2637,26862.1,1502,19,1,3800,200,2
0,5813,36251.8,1502,19,1,3800,200,2
0,5833,79897.7,1502,19,1,3800,200,2
0,5855,176.941,839,2,1,400,200,8
0,5898,18259.1,1502,19,1,3800,200,4
0,5913,60221.9,1502,19,1,3800,200,2
0,5915,605.169,839,2,1,400,200,4
0,5916,125076,839,2,1,400,200,2
0,5923,13631.4,839,2,1,400,200,2
0,5925,261.254,839,2,1,400,200,2
0,5926,13168.1,1502,19,1,3800,200,2
0,5926,41355.1,839,2,1,400,200,2
0,5933,27551.2,1502,19,1,3800,200,4
0,5956,57498,1502,19,1,3800,200,2
0,5958,32901.9,1502,19,1,3800,200,2
0,5958,459.93,839,2,1,400,200,10
0,5963,4127.78,839,2,1,400,200,4
0,5970,89253.5,1502,19,1,3800,200,2
0,5971,10021.2,1502,19,1,3800,200,2
0,8640,17356.1,1502,19,1,3800,200,2
0,8647,53372.1,839,2,1,400,200,4
0,8649,50134.5,1502,19,1,3800,200,2
0,8654,6331.74,839,2,1,400,200,4
0,8665,566.325,839,2,1,400,200,2
0,8670,38869.8,1502,19,1,3800,200,2
0,8672,125.204,839,2,1,400,200,2
0,8679,9777.09,1502,19,1,3800,200,4
0,8679,14324.8,1502,19,1,3800,200,2
0,8685,13415.4,1502,19,1,3800,200,2
0,8688,41487.6,1502,19,1,3800,200,2
0,8700,26927.8,839,2,1,400,200,6
0,8706,25289.3,839,2,1,400,200,2
0,8707,27631.6,839,2,1,400,200,2
0,8730,85123.6,839,2,1,400,200,2
0,8739,250.149,839,2,1,400,200,6
0,8744,242.403,839,2,1,400,200,8
0,8752,286.852,839,2,1,400,200,6
0,8763,1401.31,839,2,1,400,200,2
0,8772,49122.9,1502,19,1,3800,200,2
0,8776,300.187,839,2,1,400,200,18
0,8782,10351.9,839,2,1,400,200,2
0,8792,62964.9,839,2,1,400,200,2
0,11125,2461.03,1502,19,1,3800,200,4
0,11134,5357.63,839,2,1,400,200,4
0,11167,596.81,839,2,1,400,200,6
0,11180,16614.7,1502,19,1,3800,200,2
0,11184,1279.86,839,2,1,400,200,2
0,11189,39159.7,1502,19,1,3800,200,2
0,11192,33971.4,839,2,1,400,200,2
0,11233,7871.11,1502,19,1,3800,200,4
0,11235,131331,839,2,1,400,200,2
0,11241,87489.4,839,2,1,400,200,4
0,11242,1908.97,1502,19,1,3800,200,2
0,11244,12614.4,1502,19,1,3800,200,2
0,11252,19244,839,2,1,400,200,2
0,11267,1224.47,839,2,1,400,200,12
0,11278,408.72,839,2,1,400,200,4
0,11281,23513.4,1502,19,1,3800,200,2
0,14276,78537.7,1502,19,1,3800,200,2
0,14291,83657.2,1502,19,1,3800,200,2
0,14292,2862.81,1502,19,1,3800,200,2
0,14295,18260.2,839,2,1,400,200,2
0,14315,281.82,839,2,1,400,200,2
0,14330,996.908,839,2,1,400,200,2
0,14336,9403.81,1502,19,1,3800,200,2
0,14355,82096.4,1502,19,1,3800,200,4
0,14356,33778.6,839,2,1,400,200,2
0,14360,22239.7,1502,19,1,3800,200,4
0,14362,79300.5,839,2,1,400,200,2
0,14374,49238.4,839,2,1,400,200,4
0,14376,27674.6,1502,19,1,3800,200,2
0,14384,1028.81,839,2,1,400,200,2
0,14399,44204.6,839,2,1,400,200,2
0,14402,9696.91,839,2,1,400,200,2
0,14419,24701,1502,19,1,3800,200,6
0,14419,5688.8,1502,19,1,3800,200,4
0,14419,13942.3,1502,19,1,3800,200,2
0,14420,8589.39,1502,19,1,3800,200,2
0,14421,54544.9,1502,19,1,3800,200,2
0,14426,39055,839,2,1,400,200,4
0,14434,7628.85,839,2,1,400,200,6
0,14437,3177.21,839,2,1,400,200,2
0,17596,101914,1502,19,1,3800,200,2
0,17598,93604.7,839,2,1,400,200,2
0,17601,16402.2,839,2,1,400,200,2
0,17602,72693.5,1502,19,1,3800,200,2
0,17616,16191.8,1502,19,1,3800,200,2
0,17626,9773.02,839,2,1,400,200,2
0,17631,24239.2,1502,19,1,3800,200,2
0,17634,27798.3,839,2,1,400,200,2
0,17651,3909.4,839,2,1,400,200,2
0,17653,53161.9,1502,19,1,3800,200,2
0,17656,526.569,839,2,1,400,200,2
0,17662,21220.5,1502,19,1,3800,200,2
0,17680,55780.6,1502,19,1,3800,200,2
0,17686,9282.28,839,2,1,400,200,2
0,17690,201209,1502,19,1,3800,200,6
0,17692,61250.2,1502,19,1,3800,200,4
0,17702,4539.39,1502,19,1,3800,200,4
0,17707,45386.8,839,2,1,400,200,6
0,17708,34102.3,839,2,1,400,200,2
0,17709,30529.8,839,2,1,400,200,2
0,17712,39880.9,1502,19,1,3800,200,2
0,17716,21040.1,839,2,1,400,200,4
0,17717,21502,839,2,1,400,200,4
0,17718,10113.8,839,2,1,400,200,6
0,17719,5535.7,1502,19,1,3800,200,4
0,17719,305.44,839,2,1,400,200,4
0,17731,3395.24,1502,19,1,3800,200,2
0,17733,61264.3,1502,19,1,3800,200,2
0,17742,705.968,839,2,1,400,200,2
0,17748,10848.1,839,2,1,400,200,2
0,17749,8743.3,1502,19,1,3800,200,2
0,21091,62858.2,1502,19,1,3800,200,2
0,21118,4437.03,1502,19,1,3800,200,4
0,21118,24806.1,1502,19,1,3800,200,4
0,21133,8846.33,839,2,1,400,200,4
0,21137,22649.8,839,2,1,400,200,4
0,21143,34130,839,2,1,400,200,2
0,21144,718,839,2,1,400,200,4
0,21155,33870.2,1502,19,1,3800,200,2
0,21158,523.934,839,2,1,400,200,4
0,21169,617.607,839,2,1,400,200,4
0,21188,16737.8,839,2,1,400,200,4
0,21192,23881.5,839,2,1,400,200,2
0,21193,14090.6,839,2,1,400,200,2
0,21193,22432.7,1502,19,1,3800,200,8
0,21199,22637.4,1502,19,1,3800,200,2
0,21211,2255.57,1502,19,1,3800,200,4
0,21239,6674.84,1502,19,1,3800,200,4
0,21244,711.865,839,2,1,400,200,12
0,25066,73611.2,1502,19,1,3800,200,4
0,25068,12874.9,1502,19,1,3800,200,2
0,25087,61331.2,1502,19,1,3800,200,4
0,25088,58385.5,1502,19,1,3800,200,2
0,25093,22655.5,1502,19,1,3800,200,2
0,25107,75752.8,839,2,1,400,200,2
0,25110,1423.16,839,2,1,400,200,4
0,25121,12107.9,839,2,1,400,200,2
0,25129,8585.87,1502,19,1,3800,200,2
0,25142,75426.3,1502,19,1,3800,200,4
0,25142,4339.17,839,2,1,400,200,2
0,25145,725.04,839,2,1,400,200,6
0,25149,2718.48,839,2,1,400,200,2
0,25167,8611.68,839,2,1,400,200,2
0,25171,39425.9,1502,19,1,3800,200,2
0,25181,60793.5,839,2,1,400,200,2
0,25187,6556.34,839,2,1,400,200,4
0,25191,74603.2,839,2,1,400,200,2
0,25193,73252.4,1502,19,1,3800,200,2
0,25194,15181,839,2,1,400,200,2
0,25200,383.727,839,2,1,400,200,8
0,25204,169131,839,2,1,400,200,2
0,25215,46674,839,2,1,400,200,2
0,25221,344.523,839,2,1,400,200,4
0,2329,18443.6,1502,19,1,3800,200,2
0,2331,9005.4,839,2,1,400,200,2
0,2352,181256,839,2,1,400,200,2
0,2373,5529.06,1502,19,1,3800,200,2
0,2399,68517.3,1502,19,1,3800,200,2
0,2403,126606,1502,19,1,3800,200,2
0,2407,55950.2,1502,19,1,3800,200,4
0,2410,686.791,839,2,1,400,200,2
0,2412,534.659,839,2,1,400,200,2
0,2413,2447.02,839,2,1,400,200,2
0,2415,28620.4,839,2,1,400,200,2
0,2417,36577.4,839,2,1,400,200,2
0,2426,30495.3,1502,19,1,3800,200,2
0,2434,111271,839,2,1,400,200,2
0,2440,124959,839,2,1,400,200,2
0,2451,27019.4,1502,19,1,3800,200,6
0,2453,42562.6,839,2,1,400,200,2
0,2456,1153.82,839,2,1,400,200,2
0,2459,24464,839,2,1,400,200,2
0,2460,9633.68,1502,19,1,3800,200,2
0,2464,12477.7,1502,19,1,3800,200,6
0,2467,19579,1502,19,1,3800,200,2
0,2473,16796.8,1502,19,1,3800,200,2
0,2477,429.134,839,2,1,400,200,6
0,2483,55570,839,2,1,400,200,2
0,2483,16401.9,1502,19,1,3800,200,4
0,2483,9902.34,1502,19,1,3800,200,2
0,2486,68716.9,839,2,1,400,200,2
0,3652,3876.95,839,2,1,400,200,4
0,3660,17210.4,1502,19,1,3800,200,2
0,3662,26437,1502,19,1,3800,200,4
0,3668,49428,1502,19,1,3800,200,2
0,3683,8708.68,1502,19,1,3800,200,2
0,3684,109396,839,2,1,400,200,2
0,3684,51365.2,1502,19,1,3800,200,2
0,3695,19425.3,1502,19,1,3800,200,2
0,3703,66356.4,1502,19,1,3800,200,2
0,3711,847.819,839,2,1,400,200,2
0,3712,21337.9,839,2,1,400,200,2
0,3724,60621.1,839,2,1,400,200,2
0,3728,76844.6,1502,19,1,3800,200,2
0,3750,56164.8,1502,19,1,3800,200,2
0,3770,38593.1,1502,19,1,3800,200,2
0,3774,102297,839,2,1,400,200,4
0,3785,904.09,839,2,1,400,200,2
0,3788,454.871,839,2,1,400,200,2
0,3788,31474,1502,19,1,3800,200,2
0,3792,23431.3,1502,19,1,3800,200,2
0,3806,2440.37,839,2,1,400,200,2
0,3807,2022.58,1502,19,1,3800,200,2
0,8144,12606.7,1502,19,1,3800,200,2
0,8144,2697.96,839,2,1,400,200,4
0,8154,85067.8,839,2,1,400,200,4
0,8157,53120.1,839,2,1,400,200,2
0,8157,8671.92,1502,19,1,3800,200,4
0,8165,762.514,839,2,1,400,200,2
0,8170,9892.1,839,2,1,400,200,2
0,8171,4059.76,1502,19,1,3800,200,2
0,8171,18894.9,839,2,1,400,200,2
0,8173,518.133,839,2,1,400,200,4
0,8184,698.195,839,2,1,400,200,4
0,8193,28882,1502,19,1,3800,200,2
0,8194,8224.89,839,2,1,400,200,2
0,8196,565.398,839,2,1,400,200,8
0,8200,33444.7,839,2,1,400,200,2
0,8200,6706.66,1502,19,1,3800,200,4
0,8221,27373.3,1502,19,1,3800,200,2
0,8222,16133.4,1502,19,1,3800,200,4
0,8229,49991.5,1502,19,1,3800,200,2
0,8235,49306.4,1502,19,1,3800,200,2
0,8240,16353,839,2,1,400,200,2
0,8246,8378.02,1502,19,1,3800,200,2
0,8274,14468.7,1502,19,1,3800,200,2
0,8279,80464.2,839,2,1,400,200,2
0,8283,62294.1,1502,19,1,3800,200,4
0,8293,12109.8,1502,19,1,3800,200,4
0,8296,6045.77,1502,19,1,3800,200,4
0,8297,45958.7,839,2,1,400,200,2
0,8299,7288.08,839,2,1,400,200,2
0,11956,1211.85,839,2,1,400,200,2
0,11958,364.125,839,2,1,400,200,2
0,11967,85618.9,839,2,1,400,200,2
0,11975,11411.1,839,2,1,400,200,2
0,11977,34668.4,839,2,1,400,200,2
0,11979,130328,839,2,1,400,200,2
0,11981,629.133,839,2,1,400,200,2
0,11987,14886.7,1502,19,1,3800,200,2
0,11989,2798.96,839,2,1,400,200,2
0,11991,128517,1502,19,1,3800,200,2
0,12008,19487.1,839,2,1,400,200,2
0,12015,58953.9,839,2,1,400,200,2
0,12015,49605,839,2,1,400,200,2
0,12018,3618.1,1502,19,1,3800,200,2
0,12019,68199.4,1502,19,1,3800,200,6
0,12019,53969.5,1502,19,1,3800,200,2
0,12020,4432.57,839,2,1,400,200,2
0,12025,47890.1,839,2,1,400,200,2
0,12028,91.1937,839,2,1,400,200,2
0,12038,17355.8,839,2,1,400,200,4
0,12038,6130.76,1502,19,1,3800,200,2
0,12052,2981.03,839,2,1,400,200,2
0,12058,111020,1502,19,1,3800,200,2
0,12060,69095.4,839,2,1,400,200,2
0,12062,2031.62,839,2,1,400,200,2
0,12066,55881.7,1502,19,1,3800,200,8
0,12068,8130.57,1502,19,1,3800,200,4
0,12074,39118.1,1502,19,1,3800,200,2
0,12075,124678,1502,19,1,3800,200,4
0,12076,709.784,839,2,1,400,200,10
0,12076,43016,1502,19,1,3800,200,2
0,12077,12928.7,839,2,1,400,200,6
0,12078,17061.9,839,2,1,400,200,4
0,12082,120280,1502,19,1,3800,200,2
0,12088,17594.7,1502,19,1,3800,200,2
0,12091,102614,839,2,1,400,200,2
0,12099,41769.1,839,2,1,400,200,2
0,12099,27395.7,839,2,1,400,200,2
0,12101,93859.9,839,2,1,400,200,4
0,15273,10479.5,839,2,1,400,200,8
0,15276,334.256,839,2,1,400,200,2
0,15281,21165.7,1502,19,1,3800,200,2
0,15282,24044.5,839,2,1,400,200,4
0,15300,13137.3,1502,19,1,3800,200,2
0,15323,600.992,839,2,1,400,200,2
0,15325,2405.14,1502,19,1,3800,200,2
0,15329,46208,839,2,1,400,200,6
0,15331,23674.7,839,2,1,400,200,2
0,15334,12208.7,1502,19,1,3800,200,2
0,15346,153116,1502,19,1,3800,200,4
0,15365,35067.5,839,2,1,400,200,2
0,15366,78815.5,839,2,1,400,200,2
0,15373,93637.2,839,2,1,400,200,8
0,15374,9699.7,1502,19,1,3800,200,2
0,15379,159851,839,2,1,400,200,2
0,15389,37942.2,839,2,1,400,200,2
0,15405,455.887,839,2,1,400,200,24
0,15412,17961,839,2,1,400,200,2
0,15417,294.587,839,2,1,400,200,8
0,15422,32376.7,1502,19,1,3800,200,2
0,15437,7429.38,839,2,1,400,200,2
0,18769,2676.61,1502,19,1,3800,200,4
0,18770,44986.9,839,2,1,400,200,2
0,18784,2745.45,839,2,1,400,200,4
0,18790,68645,1502,19,1,3800,200,2
0,18793,32542.8,1502,19,1,3800,200,2
0,18793,7557.62,1502,19,1,3800,200,2
0,18796,1853.68,839,2,1,400,200,2
0,18797,35742.6,1502,19,1,3800,200,4
0,18808,33502.9,839,2,1,400,200,2
0,18818,90912.5,1502,19,1,3800,200,2
0,18829,16858,839,2,1,400,200,2
0,18830,167463,1502,19,1,3800,200,4
0,18832,82713.3,839,2,1,400,200,4
0,18843,78466,839,2,1,400,200,6
0,18855,461.073,839,2,1,400,200,10
0,18876,11692.9,1502,19,1,3800,200,4
0,18889,356.033,839,2,1,400,200,8
0,18899,62228.8,1502,19,1,3800,200,2
0,18903,33041.5,1502,19,1,3800,200,2
0,22410,40530.9,839,2,1,400,200,4
0,22414,31009.6,839,2,1,400,200,2
0,22422,32197.6,1502,19,1,3800,200,4
0,22426,807.163,839,2,1,400,200,6
0,22430,53525.8,839,2,1,400,200,2
0,22431,8678.72,839,2,1,400,200,2
0,22435,3654.99,1502,19,1,3800,200,4
0,22436,180158,1502,19,1,3800,200,2
0,22437,26990.4,839,2,1,400,200,4
0,22440,34310.8,839,2,1,400,200,4
0,22449,89403.8,1502,19,1,3800,200,2
0,22454,718.595,839,2,1,400,200,4
0,22455,31381.7,1502,19,1,3800,200,4
0,22461,52347,839,2,1,400,200,4
0,22463,2222.67,839,2,1,400,200,2
0,22466,88442.5,1502,19,1,3800,200,2
0,22466,17271.2,1502,19,1,3800,200,6
0,22473,10290.3,839,2,1,400,200,2
0,22484,10333.5,1502,19,1,3800,200,2
0,22486,3350.04,839,2,1,400,200,2
0,22486,5999.03,1502,19,1,3800,200,2
0,22488,3797.85,1502,19,1,3800,200,4
0,22503,76001.8,839,2,1,400,200,2
0,22513,51410.7,1502,19,1,3800,200,2
0,22518,92561.2,1502,19,1,3800,200,2
0,22556,169146,1502,19,1,3800,200,2
0,22560,17232,1502,19,1,3800,200,4
0,22564,27484.9,839,2,1,400,200,4
0,22569,5458.4,1502,19,1,3800,200,2
0,22573,1455.64,839,2,1,400,200,6
0,25753,61952.2,1502,19,1,3800,200,2
0,25758,30607.4,839,2,1,400,200,2
0,25767,4456.78,839,2,1,400,200,2
0,25768,16683.1,1502,19,1,3800,200,4
0,25776,43019.1,839,2,1,400,200,4
0,25784,27064.9,1502,19,1,3800,200,4
0,25785,18553.4,1502,19,1,3800,200,2
0,25787,782.179,839,2,1,400,200,4
0,25792,22612.3,1502,19,1,3800,200,2
0,25800,2142.65,839,2,1,400,200,2
0,25800,666.55,839,2,1,400,200,2
0,25801,130596,839,2,1,400,200,6
0,25816,14479.9,1502,19,1,3800,200,4
0,25828,65766.3,839,2,1,400,200,2
0,25834,28657,1502,19,1,3800,200,2
0,25851,46704.4,839,2,1,400,200,2
0,25860,66843.7,1502,19,1,3800,200,2
0,25865,94214.9,1502,19,1,3800,200,2
0,25870,7018.14,1502,19,1,3800,200,2
0,25876,17164.4,839,2,1,400,200,4
0,25877,64366.1,839,2,1,400,200,4
0,25879,264.185,839,2,1,400,200,8
0,25884,6568.13,839,2,1,400,200,4
0,25885,1107.2,839,2,1,400,200,2
0,25887,64078,839,2,1,400,200,2
0,25893,37508.4,1502,19,1,3800,200,2
0,1671,484.863,839,2,1,400,200,6
0,1678,265.654,839,2,1,400,200,6
0,1680,62294,1502,19,1,3800,200,2
0,1686,15685.4,1502,19,1,3800,200,2
0,1692,62412.2,1502,19,1,3800,200,4
0,1697,5078.6,839,2,1,400,200,6
0,1701,74838.1,1502,19,1,3800,200,4
0,1701,99440.5,839,2,1,400,200,2
0,1708,10735.2,839,2,1,400,200,4
0,1710,54752.1,1502,19,1,3800,200,4
0,1714,11579.2,839,2,1,400,200,2
0,1716,12956.6,1502,19,1,3800,200,2
0,1718,118850,1502,19,1,3800,200,2
0,1718,4914.91,1502,19,1,3800,200,2
0,1723,48161.2,839,2,1,400,200,6
0,1727,21504.6,1502,19,1,3800,200,2
0,1733,15692,1502,19,1,3800,200,2
0,1744,20163.7,839,2,1,400,200,4
0,1756,12997.8,1502,19,1,3800,200,2
0,1761,2276.37,1502,19,1,3800,200,4
0,1761,39730.5,839,2,1,400,200,2
0,1768,37121.8,1502,19,1,3800,200,2
0,1768,502.359,839,2,1,400,200,4
0,1768,623.632,839,2,1,400,200,4
0,1770,47416.1,839,2,1,400,200,6
0,1779,20832.2,839,2,1,400,200,2
0,1788,1712.5,839,2,1,400,200,2
0,1795,11156,1502,19,1,3800,200,2
0,1797,20442.7,1502,19,1,3800,200,2
0,1798,44171.8,1502,19,1,3800,200,2
0,1812,1371.51,839,2,1,400,200,8
0,1825,124175,1502,19,1,3800,200,4
0,6314,92701,1502,19,1,3800,200,2
0,6315,20249.5,1502,19,1,3800,200,2
0,6318,4582.23,839,2,1,400,200,4
0,6324,75963.2,1502,19,1,3800,200,2
0,6328,7659.82,1502,19,1,3800,200,2
0,6333,26990,1502,19,1,3800,200,6
0,6343,5664.71,1502,19,1,3800,200,4
0,6353,41388.5,1502,19,1,3800,200,4
0,6362,32596.2,839,2,1,400,200,4
0,6373,34141.9,1502,19,1,3800,200,2
0,6374,911.817,839,2,1,400,200,4
0,6377,8156.26,839,2,1,400,200,4
0,6384,130292,839,2,1,400,200,2
0,6385,75519.3,839,2,1,400,200,2
0,6388,71367.8,1502,19,1,3800,200,2
0,6391,40977,1502,19,1,3800,200,4
0,6393,4450.66,839,2,1,400,200,2
0,6396,115463,1502,19,1,3800,200,4
0,6396,75910.4,1502,19,1,3800,200,4
0,6404,111.939,839,2,1,400,200,10
0,6406,145291,839,2,1,400,200,2
0,6436,129270,839,2,1,400,200,2
0,6442,70342.3,839,2,1,400,200,2
0,6448,17444.4,839,2,1,400,200,4
0,6449,19642.9,839,2,1,400,200,2
0,6470,56112,839,2,1,400,200,2
0,9797,64371.5,1502,19,1,3800,200,4
0,9802,22421.7,1502,19,1,3800,200,6
0,9826,63152.2,839,2,1,400,200,2
0,9827,16771.9,1502,19,1,3800,200,4
0,9838,15277.5,839,2,1,400,200,2
0,9838,75283.5,839,2,1,400,200,4
0,9839,2544.46,1502,19,1,3800,200,2
0,9843,65219.3,1502,19,1,3800,200,2
0,9855,36671.9,1502,19,1,3800,200,2
0,9856,5262.68,839,2,1,400,200,2
0,9858,9296.03,839,2,1,400,200,2
0,9861,35130.4,1502,19,1,3800,200,2
0,9865,12278.9,839,2,1,400,200,2
0,9876,19500.6,839,2,1,400,200,6
0,9879,116029,839,2,1,400,200,2
0,9883,12802.6,839,2,1,400,200,2
0,9884,65163.8,839,2,1,400,200,2
0,9889,52607.5,839,2,1,400,200,2
0,9890,6435.98,839,2,1,400,200,2
0,9904,142447,1502,19,1,3800,200,2
0,9907,8715.33,1502,19,1,3800,200,4
0,9921,100443,839,2,1,400,200,2
0,9922,109227,1502,19,1,3800,200,2
0,9923,409.001,839,2,1,400,200,4
0,9946,55320.2,1502,19,1,3800,200,2
0,9950,23351.9,1502,19,1,3800,200,2
0,9958,2798.37,1502,19,1,3800,200,2
0,9959,19305.2,1502,19,1,3800,200,2
0,12285,109503,1502,19,1,3800,200,6
0,12288,84717.3,1502,19,1,3800,200,2
0,12292,10159.7,1502,19,1,3800,200,10
0,12297,47160.9,839,2,1,400,200,4
0,12322,8629.31,1502,19,1,3800,200,2
0,12326,81835.8,839,2,1,400,200,2
0,12331,14281.6,1502,19,1,3800,200,2
0,12346,1017.01,839,2,1,400,200,12
0,12351,1412.24,839,2,1,400,200,2
0,12351,42727.8,1502,19,1,3800,200,2
0,12353,2367.96,1502,19,1,3800,200,2
0,12353,53593,1502,19,1,3800,200,2
0,12365,20435.1,839,2,1,400,200,2
0,12367,83282.3,839,2,1,400,200,4
0,12367,27102.8,1502,19,1,3800,200,2
0,12399,54557.6,1502,19,1,3800,200,2
0,12400,111162,1502,19,1,3800,200,2
0,12415,54211.5,1502,19,1,3800,200,4
0,12419,25872.5,839,2,1,400,200,2
0,12419,28009.8,839,2,1,400,200,2
0,12433,49080.6,839,2,1,400,200,2
0,12433,44399.1,1502,19,1,3800,200,4
0,12434,9081.88,1502,19,1,3800,200,2
0,12435,2470.17,1502,19,1,3800,200,2
0,12444,801.596,839,2,1,400,200,2
0,15605,884.784,1502,19,1,3800,200,2
0,15623,42487.2,1502,19,1,3800,200,2
0,15640,424.637,839,2,1,400,200,2
0,15642,142309,1502,19,1,3800,200,2
0,15653,21811.8,839,2,1,400,200,2
0,15657,30050.6,1502,19,1,3800,200,4
0,15665,434.448,839,2,1,400,200,2
0,15669,11944.3,839,2,1,400,200,2
0,15693,62968.8,1502,19,1,3800,200,2
0,15699,57272.7,839,2,1,400,200,2
0,15702,1736.66,839,2,1,400,200,2
0,15702,5518.22,1502,19,1,3800,200,2
0,15702,2024.63,1502,19,1,3800,200,2
0,15708,10776,1502,19,1,3800,200,4
0,15721,41629.5,839,2,1,400,200,2
0,15727,129919,1502,19,1,3800,200,2
0,15741,40621.4,839,2,1,400,200,2
0,15741,1405.11,839,2,1,400,200,2
0,15751,15278.9,1502,19,1,3800,200,2
0,15753,97528.9,1502,19,1,3800,200,2
0,15758,19768.7,839,2,1,400,200,4
0,15762,10955.5,1502,19,1,3800,200,2
0,15764,2106.37,839,2,1,400,200,2
0,15768,65532.6,1502,19,1,3800,200,4
0,15769,12039.4,839,2,1,400,200,2
0,18265,35928.2,839,2,1,400,200,2
0,18266,69385.8,1502,19,1,3800,200,2
0,18270,33550,839,2,1,400,200,2
0,18270,20389.9,839,2,1,400,200,2
0,18273,117568,839,2,1,400,200,2
0,18275,86670.9,1502,19,1,3800,200,2
0,18279,734.108,839,2,1,400,200,2
0,18290,10245.3,1502,19,1,3800,200,2
0,18292,44194.3,1502,19,1,3800,200,4
0,18331,71836.1,1502,19,1,3800,200,2
0,18337,813.449,839,2,1,400,200,2
0,18350,20846.9,1502,19,1,3800,200,2
0,18351,1188.54,839,2,1,400,200,4
0,18352,1159.19,839,2,1,400,200,2
0,18356,22062.9,1502,19,1,3800,200,2
0,18356,50764.4,839,2,1,400,200,4
0,18365,428.881,839,2,1,400,200,2
0,18375,29869.9,1502,19,1,3800,200,2
0,18396,124036,839,2,1,400,200,2
0,18424,68163.8,839,2,1,400,200,2
0,21424,58554.3,1502,19,1,3800,200,2
0,21429,5419.07,1502,19,1,3800,200,2
0,21451,9143.22,1502,19,1,3800,200,2
0,21456,17064.4,839,2,1,400,200,2
0,21465,141941,839,2,1,400,200,2
0,21474,58139.9,839,2,1,400,200,4
0,21475,16373.3,839,2,1,400,200,4
0,21500,75015.1,1502,19,1,3800,200,4
0,21500,67908.7,839,2,1,400,200,6
0,21501,12040.4,839,2,1,400,200,2
0,21511,13095.3,1502,19,1,3800,200,2
0,21532,31703.8,839,2,1,400,200,4
0,21543,38558.4,1502,19,1,3800,200,2
0,21546,103963,1502,19,1,3800,200,2
0,21550,59293.5,1502,19,1,3800,200,4
0,21551,193059,839,2,1,400,200,2
0,21552,81892.1,1502,19,1,3800,200,4
0,21566,28005,1502,19,1,3800,200,4
0,21570,141168,839,2,1,400,200,2
0,24402,22225.4,839,2,1,400,200,4
0,24419,33397.3,1502,19,1,3800,200,2
0,24421,13113.3,839,2,1,400,200,2
0,24423,188.847,839,2,1,400,200,4
0,24430,147422,839,2,1,400,200,2
0,24433,59587.2,1502,19,1,3800,200,6
0,24433,26180.8,839,2,1,400,200,2
0,24440,34558.9,1502,19,1,3800,200,2
0,24444,2411.75,839,2,1,400,200,2
0,24445,27291.8,839,2,1,400,200,4
0,24452,45131.7,1502,19,1,3800,200,8
0,24464,38616.4,839,2,1,400,200,2
0,24467,8373.68,1502,19,1,3800,200,2
0,24476,28258.6,839,2,1,400,200,2
0,24482,30618.4,1502,19,1,3800,200,2
0,24495,168662,839,2,1,400,200,2
0,24501,1508.16,839,2,1,400,200,2
0,24508,103515,1502,19,1,3800,200,2
0,24513,32537.8,839,2,1,400,200,2
0,24522,124626,1502,19,1,3800,200,2
0,24536,201913,839,2,1,400,200,2
0,24542,70575.9,839,2,1,400,200,2
0,24544,27516.3,1502,19,1,3800,200,6
0,24562,116857,1502,19,1,3800,200,2
0,2661,63008.1,839,2,1,400,200,2
0,2663,50742,839,2,1,400,200,8
0,2666,31006.6,839,2,1,400,200,4
0,2670,45034.3,839,2,1,400,200,2
0,2674,78824,839,2,1,400,200,2
0,2686,16740.2,839,2,1,400,200,2
0,2693,31171.8,839,2,1,400,200,2
0,2698,42958.4,1502,19,1,3800,200,2
0,2702,286.799,839,2,1,400,200,6
0,2706,13081.6,839,2,1,400,200,2
0,2714,34062,839,2,1,400,200,2
0,2721,19174.4,839,2,1,400,200,2
0,2723,127662,1502,19,1,3800,200,2
0,2724,14602.4,1502,19,1,3800,200,2
0,2726,13721,1502,19,1,3800,200,2
0,2729,6406.11,839,2,1,400,200,2
0,2735,36316.1,839,2,1,400,200,2
0,2747,29384.4,1502,19,1,3800,200,2
0,2749,4919.03,839,2,1,400,200,2
0,2755,27009.3,839,2,1,400,200,2
0,2766,38446.3,1502,19,1,3800,200,2
0,2766,45549.1,1502,19,1,3800,200,2
0,2767,136.889,839,2,1,400,200,6
0,2768,56263.1,839,2,1,400,200,2
0,2772,78810.6,839,2,1,400,200,2
0,2784,59725.8,1502,19,1,3800,200,2
0,2785,4372.85,1502,19,1,3800,200,4
0,2794,181531,1502,19,1,3800,200,4
0,2795,626.887,839,2,1,400,200,2
0,2803,42146.2,1502,19,1,3800,200,2
0,2808,5135.6,1502,19,1,3800,200,6
0,5479,56087.3,1502,19,1,3800,200,2
0,5487,43358.2,839,2,1,400,200,2
0,5491,58534.5,839,2,1,400,200,4
0,5502,34352.1,1502,19,1,3800,200,6
0,5514,13275.6,839,2,1,400,200,4
0,5516,6522.14,839,2,1,400,200,4
0,5548,29148.9,839,2,1,400,200,2
0,5563,2428.76,839,2,1,400,200,2
0,5565,3655.67,839,2,1,400,200,2
0,5590,63913.5,1502,19,1,3800,200,2
0,5594,713.571,839,2,1,400,200,6
0,5598,47356.6,1502,19,1,3800,200,2
0,5599,13996,1502,19,1,3800,200,2
0,5600,18938.8,839,2,1,400,200,2
0,5607,20714.5,1502,19,1,3800,200,4
0,5611,37389.9,839,2,1,400,200,4
0,5626,18744,1502,19,1,3800,200,2
0,5642,3121.5,1502,19,1,3800,200,2
0,5642,1115.44,839,2,1,400,200,2
0,8805,628.028,839,2,1,400,200,6
0,8806,4814.53,839,2,1,400,200,4
0,8817,22024.5,839,2,1,400,200,4
0,8847,49901.9,1502,19,1,3800,200,2
0,8847,21015,839,2,1,400,200,2
0,8860,609.941,839,2,1,400,200,2
0,8862,440.437,839,2,1,400,200,6
0,8866,234.553,839,2,1,400,200,8
0,8870,32650.3,1502,19,1,3800,200,6
0,8877,61141.9,1502,19,1,3800,200,2
0,8882,10715.9,1502,19,1,3800,200,2
0,8887,80613.3,839,2,1,400,200,2
0,8896,32227.6,839,2,1,400,200,2
0,8901,9282.43,839,2,1,400,200,4
0,8902,37544.6,839,2,1,400,200,4
0,8906,64422.2,839,2,1,400,200,2
0,8907,16896.8,1502,19,1,3800,200,2
0,8916,119627,1502,19,1,3800,200,2
0,8924,521.003,839,2,1,400,200,12
0,8926,50629,839,2,1,400,200,4
0,8944,16549.6,839,2,1,400,200,2
0,11797,605.812,839,2,1,400,200,2
0,11799,8572.17,839,2,1,400,200,2
0,11803,53869.1,839,2,1,400,200,2
0,11808,12697.3,1502,19,1,3800,200,2
0,11815,2883.05,839,2,1,400,200,2
0,11836,162095,1502,19,1,3800,200,2
0,11852,146.328,839,2,1,400,200,4
0,11857,873.819,839,2,1,400,200,6
0,11858,10488,1502,19,1,3800,200,4
0,11860,837.121,839,2,1,400,200,4
0,11861,34103.1,839,2,1,400,200,2
0,11866,692.408,839,2,1,400,200,2
0,11876,61840.5,1502,19,1,3800,200,2
0,11882,787.004,839,2,1,400,200,6
0,11883,56262.2,1502,19,1,3800,200,4
0,11889,425.613,839,2,1,400,200,2
0,11902,18675.7,839,2,1,400,200,2
0,11903,9539.42,1502,19,1,3800,200,2
0,11905,110392,1502,19,1,3800,200,4
0,11907,1398.43,839,2,1,400,200,2
0,11920,57898.9,839,2,1,400,200,2
0,11942,32138.5,1502,19,1,3800,200,2
0,11946,3595.03,839,2,1,400,200,2
0,11950,8800.58,1502,19,1,3800,200,2
0,14775,279.913,839,2,1,400,200,10
0,14788,38058.6,839,2,1,400,200,2
0,14800,58745.7,1502,19,1,3800,200,6
0,14818,105616,839,2,1,400,200,2
0,14823,38200.8,839,2,1,400,200,4
0,14837,30176.8,1502,19,1,3800,200,2
0,14842,2214.4,839,2,1,400,200,2
0,14848,49948.4,839,2,1,400,200,2
0,14861,18423.2,1502,19,1,3800,200,2
0,14866,4217.78,1502,19,1,3800,200,2
0,14887,26921.8,1502,19,1,3800,200,4
0,14887,18414.9,1502,19,1,3800,200,2
0,14905,75438.8,1502,19,1,3800,200,2
0,14907,741.656,839,2,1,400,200,2
0,14911,510.791,839,2,1,400,200,14
0,14913,30775.1,839,2,1,400,200,2
0,14928,1047.17,839,2,1,400,200,14
0,14934,34830.1,1502,19,1,3800,200,4
0,17933,39197.7,839,2,1,400,200,2
0,17947,16821.6,839,2,1,400,200,4
0,17949,5244.27,839,2,1,400,200,4
0,17961,48359.7,1502,19,1,3800,200,4
0,17963,35083.6,839,2,1,400,200,2
0,17970,194631,1502,19,1,3800,200,2
0,17971,49949.8,1502,19,1,3800,200,2
0,17984,4523.9,839,2,1,400,200,2
0,17985,122994,1502,19,1,3800,200,2
0,17995,149847,1502,19,1,3800,200,2
0,18025,953.386,839,2,1,400,200,2
0,18047,100239,839,2,1,400,200,2
0,18048,22173.8,1502,19,1,3800,200,4
0,18057,736.216,839,2,1,400,200,6
0,18060,23845.5,839,2,1,400,200,2
0,18061,13027.6,1502,19,1,3800,200,2
0,18063,34444.3,1502,19,1,3800,200,4
0,18065,68940.2,1502,19,1,3800,200,2
0,18074,24178.4,1502,19,1,3800,200,4
0,18074,16177.8,1502,19,1,3800,200,2
0,18089,609.141,839,2,1,400,200,2
0,18093,253.182,839,2,1,400,200,10
0,20921,1379.06,839,2,1,400,200,6
0,20933,57182.8,839,2,1,400,200,2
0,20939,28292.6,1502,19,1,3800,200,2
0,20945,39201.9,1502,19,1,3800,200,2
0,20946,23034.3,839,2,1,400,200,6
0,20953,154.021,839,2,1,400,200,10
0,20964,13097.9,1502,19,1,3800,200,6
0,20967,23710.1,839,2,1,400,200,2
0,20968,26193.6,1502,19,1,3800,200,2
0,20969,1108.74,839,2,1,400,200,6
0,20974,50141.5,1502,19,1,3800,200,2
0,20976,123578,1502,19,1,3800,200,2
0,20983,7491.69,1502,19,1,3800,200,10
0,20992,149744,839,2,1,400,200,2
0,20992,18625.9,1502,19,1,3800,200,2
0,21012,22391.4,839,2,1,400,200,2
0,21015,2240.35,1502,19,1,3800,200,2
0,21019,28857.4,1502,19,1,3800,200,2
0,21025,4276.49,839,2,1,400,200,2
0,21026,246.467,839,2,1,400,200,2
0,21029,12731.5,839,2,1,400,200,2
0,21032,16621,839,2,1,400,200,4
0,21034,100615,1502,19,1,3800,200,2
0,21035,214.494,839,2,1,400,200,2
0,21042,5485.15,839,2,1,400,200,4
0,21044,105291,839,2,1,400,200,2
0,21045,4212.56,839,2,1,400,200,4
0,21047,12410.3,1502,19,1,3800,200,6
0,21052,10547.7,839,2,1,400,200,2
0,21061,14771.8,1502,19,1,3800,200,2
0,21067,94670.7,839,2,1,400,200,2
0,21067,30972.7,1502,19,1,3800,200,4
0,21078,137094,839,2,1,400,200,4
0,21081,1145.91,839,2,1,400,200,4
0,24901,117353,1502,19,1,3800,200,2
0,24910,27788,1502,19,1,3800,200,4
0,24914,184339,839,2,1,400,200,2
0,24933,24557.5,1502,19,1,3800,200,4
0,24933,101299,1502,19,1,3800,200,2
0,24940,130074,1502,19,1,3800,200,2
0,24950,13036.1,1502,19,1,3800,200,2
0,24951,28727.4,839,2,1,400,200,2
0,24952,5797.74,839,2,1,400,200,4
0,24977,96476.8,1502,19,1,3800,200,4
0,24977,67478,839,2,1,400,200,2
0,24979,56120.7,839,2,1,400,200,2
0,24987,1498.45,839,2,1,400,200,4
0,24997,21446.2,1502,19,1,3800,200,2
0,25002,12715.4,839,2,1,400,200,4
0,25012,2088.48,839,2,1,400,200,4
0,25031,27966.1,1502,19,1,3800,200,4
0,25035,42941.7,1502,19,1,3800,200,4
0,25038,1219.89,839,2,1,400,200,4
0,25049,2440.52,1502,19,1,3800,200,2
0,25062,26761.9,1502,19,1,3800,200,2
